timeframe_minutes,domcycle,family,leveling,entry_buffer,exit_ratio,final_equity,total_return_pct,max_drawdown_pct,sharpe,profit_factor,trade_count,win_rate_pct,avg_trade_return_pct,avg_holding_bars,long_trade_count,short_trade_count,positive_days_pct,positive_years,worst_year_return_pct,best_year_return_pct,avg_low_band,avg_high_band,avg_band_width,avg_long_entry_level,avg_long_exit_level,avg_short_entry_level,avg_short_exit_level,rank_in_timeframe
1,60,breakout,5.0,4.0,1.0,8902.1880048947,-64.3912479804212,65.47096584725874,-1.5031070061594263,0.8418155707830454,3351,39.18233363175172,-0.029543392394914873,80.49835869889586,1641,1710,41.04417670682731,0,-27.389620261708615,-1.4744488390645702,40.322839371309314,60.76816872415443,20.445329352833085,64.76816872415321,40.322839371309314,36.32283937131331,60.76816872415443,1
1,58,breakout,5.0,4.0,1.0,8487.396219795944,-66.05041512081623,67.24504078263985,-1.6036664085868284,0.8365760913600618,3486,38.84107860011474,-0.029754348858332495,77.92570281124497,1713,1773,40.803212851405625,0,-28.970000449147037,-0.8936975388899933,40.25793621718994,60.84159331060356,20.583657093417077,64.84159331060293,40.25793621718994,36.257936217190384,60.84159331060356,2
1,56,breakout,5.0,4.0,1.0,7983.601066559199,-68.0655957337632,68.73607541056029,-1.650389662254311,0.8354699535313306,3681,38.44064113012769,-0.029835290075100145,75.7000814995925,1796,1885,40.24096385542168,0,-28.288774901521023,-2.178390055611535,40.19325834684053,60.917456986819445,20.724198639980948,64.91745698681964,40.19325834684053,36.193258346840366,60.917456986819445,3
1,54,breakout,5.0,4.0,1.0,7680.360198613828,-69.27855920554468,69.56373677719475,-1.7114632178980882,0.8349661218812534,3849,38.58144972720187,-0.02951595699118056,73.94102364250455,1884,1965,40.401606425702816,1,-33.38241033554577,4.5235813435946115,40.12860540924916,60.9966785432377,20.868073133986293,64.99667854323812,40.12860540924916,36.12860540924699,60.9966785432377,4
1,52,breakout,5.0,4.0,1.0,6251.123209261017,-74.99550716295593,75.22761608634003,-1.9926485873301691,0.8133961949358618,4075,38.012269938650306,-0.03295038690459346,70.49963190184049,1985,2090,38.87550200803213,1,-37.275465811854794,2.823572852431123,40.062561673711905,61.07787606109591,21.01531438738113,65.07787606109433,40.062561673711905,36.06256167371446,61.07787606109591,5
1,50,breakout,5.0,4.0,1.0,5898.702725084788,-76.40518909966086,76.62421238444492,-2.1219208863143226,0.8062752632082859,4087,37.90066063126988,-0.03429624784460347,69.37044286762907,1977,2110,37.911646586345384,0,-35.38320734439418,-2.800884010884464,39.52634649462427,61.58996324860397,22.063616753981446,65.5899632486067,39.52634649462427,35.526346494620626,61.58996324860397,6
1,48,breakout,5.0,4.0,1.0,4454.456456786346,-82.18217417285462,82.2866855914333,-2.493954957475725,0.7801947588662925,4331,37.45093511891018,-0.03884301382873299,66.59616716693604,2109,2222,37.34939759036144,0,-37.26939171046495,-3.825096460661482,39.44186638677976,61.69026778259883,22.2484013958289,65.6902677826011,39.44186638677976,35.44186638677353,61.69026778259883,7
1,46,mean_reversion,5.0,4.0,1.0,3888.2502543106907,-84.44699898275724,85.47423863772224,-2.74988494907042,0.7649827645068054,4593,52.12279555845852,-0.03954960545337816,63.9412148922273,2349,2244,43.53413654618474,0,-42.081375187666104,-8.97067118872349,39.35602082406029,61.795225583170115,22.439204759100832,35.35602082406434,61.795225583170115,65.79522558317193,39.35602082406029,8
1,44,breakout,5.0,4.0,1.0,3362.0344169017553,-86.55186233239299,86.63074310934736,-2.9655232044184867,0.7648989786391405,4907,37.049113511310374,-0.03995184035738021,61.319747299775834,2405,2502,36.70682730923695,0,-39.35466918892045,-5.583534193834364,39.27032796961166,61.90239333403798,22.63206536443112,65.90239333403834,39.27032796961166,35.27032796961255,61.90239333403798,9
1,40,mean_reversion,5.0,4.0,1.0,3015.2337119343524,-87.93906515226259,88.82065546928052,-3.133049977235296,0.7544294368161844,5264,51.139817629179326,-0.03930900374169886,57.651025835866264,2686,2578,41.76706827309237,0,-44.12025071533529,-8.81933675546672,38.47186400302694,62.69745889589589,24.22559489287367,34.471864003029836,62.69745889589589,66.69745889590023,38.47186400302694,10
1,42,mean_reversion,5.0,4.0,1.0,2942.719577398757,-88.22912169040498,88.88742831088466,-3.1913615911216966,0.7510035755247763,5236,51.22230710466005,-0.039977283492867374,58.40488922841864,2660,2576,41.84738955823293,0,-46.42324199985404,-8.313627571019797,39.183947056449185,62.01308127345381,22.829134217003485,35.18394705644663,62.01308127345381,66.01308127345361,39.183947056449185,11
1,38,breakout,5.0,4.0,1.0,2670.43942795582,-89.31824228817672,89.3826008969743,-3.2208176239883595,0.759620321283801,5629,36.84491028601883,-0.0388884364737847,54.97797122046545,2766,2863,36.94779116465863,0,-38.83700205006212,-5.963013491180594,38.35600564967763,62.83837289524463,24.482367245572895,66.83837289524404,38.35600564967763,34.35600564967519,62.83837289524463,12
1,36,mean_reversion,5.0,4.0,1.0,2268.3539836271466,-90.92658406549141,91.51734939023545,-3.4924621410297423,0.7429225325924174,6038,50.84465054653858,-0.0389665772935483,51.94932096720768,3044,2994,40.803212851405625,0,-47.68226084486528,-11.16545967660316,38.23787060303902,62.98412431248997,24.746253709452073,34.23787060304117,62.98412431248997,66.98412431249083,38.23787060303902,13
1,34,mean_reversion,5.0,4.0,1.0,1880.0475076952434,-92.47980996921903,92.95720735542513,-3.8690747167380297,0.7351718904141425,6471,50.208623087621696,-0.03920940875016964,49.45958893524958,3253,3218,39.75903614457831,0,-47.91312552333281,-11.129627144707511,38.11682722922753,63.13070096250421,25.013873733266305,34.11682722923006,63.13070096250421,67.13070096250605,38.11682722922753,14
1,30,mean_reversion,5.0,4.0,1.0,1755.5964566317216,-92.97761417347311,93.26837977193833,-4.178925139260824,0.7351358057669671,7054,49.85823646158208,-0.036928009832669965,45.60688970796711,3570,3484,38.795180722891565,0,-48.26152427115563,-11.68163287507691,36.95810552003781,64.25046974918932,27.292364229146905,32.95810552003687,64.25046974918932,68.25046974918806,36.95810552003781,15
1,32,mean_reversion,5.0,4.0,1.0,1635.2392080388126,-93.45904316784474,93.76157161144579,-4.198260343500863,0.73057644741069,6988,50.243274184315965,-0.03827942705313611,46.84244419004007,3517,3471,39.196787148594375,0,-48.30479619247875,-11.058368819781801,37.99411694318127,63.27888864465903,25.28477170146947,33.99411694318635,63.27888864465903,67.27888864466064,37.99411694318127,16
1,28,mean_reversion,5.0,4.0,1.0,1308.7610372644403,-94.76495585094223,94.99537853180789,-4.571355631500119,0.7227449161035286,7699,49.64281075464346,-0.03763222821122671,42.766333290037664,3895,3804,37.99196787148594,0,-54.53071447217233,-13.062232281687319,36.786108642584075,64.45558465329171,27.669476010705818,32.78610864258578,64.45558465329171,68.45558465329312,36.786108642584075,17
1,26,mean_reversion,5.0,4.0,1.0,999.3771363124924,-96.00249145475003,96.22759713633195,-4.855757328653907,0.7121974727848183,8442,49.12343046671405,-0.03749525180368627,39.7194977493485,4271,4171,36.30522088353413,0,-59.66901207174119,-11.351910662153578,36.61435387355582,64.66192591763388,28.047572044077906,32.614353873554016,64.66192591763388,68.661925917635,36.61435387355582,18
1,24,mean_reversion,5.0,4.0,1.0,878.7191467306362,-96.48512341307746,96.65865686210961,-4.890276816137047,0.7189890431955227,9422,49.49055402250053,-0.034957585315397076,36.428677563150075,4783,4639,35.66265060240964,0,-62.21199694257149,-7.2467728187553355,36.44483058014809,64.87376725493272,28.42893667478223,32.44483058014691,64.87376725493272,68.87376725493195,36.44483058014809,19
1,22,mean_reversion,5.0,4.0,1.0,582.4594679177424,-97.67016212832903,97.77561825535943,-5.577703128301266,0.7048057978810718,10519,49.00655955889343,-0.035222716117018854,33.30734860728206,5343,5176,33.81526104417671,0,-65.42620549527322,-8.367634484611642,36.280851418999895,65.07920239269873,28.798350973700657,32.2808514190004,65.07920239269873,69.07920239269934,36.280851418999895,20
1,20,mean_reversion,5.0,4.0,1.0,556.5098585325195,-97.77396056586993,97.85582683551752,-5.806073119594233,0.7041105183393107,10816,48.724112426035504,-0.03468109883580265,32.139792899408285,5498,5318,33.49397590361446,0,-61.57227204109278,-10.354673326626324,34.793112340425864,66.51630883492774,31.723196494497664,30.793112340426582,66.51630883492774,70.51630883492791,34.793112340425864,21
1,18,mean_reversion,5.0,4.0,1.0,292.8343995495844,-98.82866240180167,98.86719811119515,-6.803343703350345,0.6840966797353638,12321,48.275302329356386,-0.03565188430160269,28.837350864377893,6273,6048,29.477911646586346,0,-64.65757112402855,-13.78448039378507,34.53640137732187,66.82466550359459,32.28826412627257,30.53640137732085,66.82466550359459,70.82466550359307,34.53640137732187,22
1,16,mean_reversion,5.0,4.0,1.0,110.85460875996066,-99.55658156496015,99.56273296539418,-8.36870369950673,0.6497070347249879,14066,47.142044646665724,-0.03812409523931592,25.912128536897484,7121,6945,24.57831325301205,0,-71.17686300857888,-19.73366687759151,34.29275457662349,67.13035882411697,32.83760424749817,30.292754576624187,67.13035882411697,71.13035882411835,34.29275457662349,23
1,14,mean_reversion,5.0,4.0,1.0,39.26517085716408,-99.84293931657135,99.84552139914585,-9.448745470426474,0.626878571444475,16513,46.24235450856901,-0.03876249827308226,22.50154423787319,8288,8225,20.803212851405622,0,-75.84283216598958,-22.269992090386058,34.082955003884166,67.41166032777126,33.32870532388964,30.082955003884006,67.41166032777126,71.41166032777318,34.082955003884166,24
1,12,mean_reversion,5.0,4.0,1.0,14.528989880014533,-99.94188404047995,99.94233031195431,-10.646004273233741,0.611927833005858,19668,45.515558267236116,-0.037595291152994884,19.181767337807607,9853,9815,18.795180722891565,0,-81.32119569395222,-28.01263691408141,33.95601431263908,67.6151129238977,33.659098611258315,29.956014312638608,67.6151129238977,71.61511292389508,33.95601431263908,25
1,10,mean_reversion,5.0,4.0,1.0,9.229805937600982,-99.9630807762496,99.96366059409942,-11.75381914503288,0.6020492402373256,21218,44.72617588839665,-0.036988467406296965,17.33136959185597,10719,10499,17.188755020080322,0,-81.69931192614428,-27.134568220472914,31.41691838079955,70.14120527128404,38.72428689048168,27.41691838079975,70.14120527128404,74.14120527128654,31.41691838079955,26
2,60,breakout,5.0,4.0,0.5,18551.38404361749,-25.794463825530045,36.969081060665076,-0.529309151604854,0.9205926768456831,1876,38.11300639658848,-0.01457398989309026,36.03304904051173,917,959,34.377510040160644,2,-13.591637600084555,2.923951920639363,40.202857705072645,61.25010530674424,21.047247601665404,65.2501053067445,50.726481505908374,36.202857705070194,50.726481505908374,1
2,58,breakout,5.0,4.0,1.0,17969.94379821513,-28.120224807139483,47.87781517057975,-0.41742169319986916,0.9359217282328202,1892,42.97040169133192,-0.015254337684149442,67.42283298097252,930,962,39.83935742971887,2,-18.958345692764496,8.645619084969512,40.151441345196375,61.31003682657547,21.158595481378264,65.31003682657598,40.151441345196375,36.15144134519738,61.31003682657547,2
2,56,breakout,5.0,4.0,1.0,17422.99257618938,-30.30802969524249,50.54410612493826,-0.4535324695263233,0.9308366185880986,1982,42.73461150353179,-0.016069769971533,65.47325933400606,978,1004,41.285140562249,2,-21.393420471705543,8.608007758256395,40.09998721349843,61.37519091553302,21.275203702023433,65.37519091553354,40.09998721349843,36.09998721350232,61.37519091553302,3
2,48,breakout,5.0,4.0,1.0,14550.611548675168,-41.79755380529932,53.289886607247816,-0.7175571874339379,0.901884651750484,2288,41.56468531468531,-0.021693333561100037,59.36145104895105,1122,1166,40.803212851405625,3,-27.75579586882361,6.7928380513519935,39.38100750565323,62.104309314454845,22.72330180880926,66.10430931445636,39.38100750565323,35.38100750565234,62.104309314454845,4
2,50,breakout,5.0,4.0,1.0,14033.687826588006,-43.86524869364797,57.058727237041595,-0.772912665676375,0.8915440563126954,2180,41.788990825688074,-0.02447049853029697,60.74587155963303,1069,1111,39.83935742971887,3,-26.764868491398442,2.6044978988175504,39.44954054900285,62.0177793563207,22.568238807311417,66.017779356323,39.44954054900285,35.44954054900328,62.0177793563207,5
2,54,breakout,5.0,4.0,0.5,14002.601543497989,-43.98959382600805,47.3281532934681,-1.0958519506713307,0.8584244126795053,2210,36.515837104072396,-0.025034771400474817,32.897285067873305,1079,1131,35.66265060240964,0,-17.73529487558542,-1.6238715098472265,40.04753484557383,61.439967415991546,21.392432570411724,65.43996741599089,50.74375113077599,36.04753484557212,50.74375113077599,6
2,52,breakout,5.0,4.0,1.0,13700.167234519871,-45.19933106192051,61.115981977733306,-0.7942427876640121,0.8887245198143711,2190,42.054794520547944,-0.02541441252055084,61.4675799086758,1078,1112,40.88353413654618,1,-28.642387563799936,6.319067329228144,39.99682073818864,61.50644183081369,21.509621092627725,65.50644183081496,39.99682073818864,35.99682073818947,61.50644183081369,7
2,46,breakout,5.0,4.0,0.5,13624.09735851875,-45.503610565925,47.42586768749288,-1.162792338281811,0.8612171593638102,2578,36.34600465477114,-0.02258745892900396,28.919317300232738,1263,1315,38.0722891566265,2,-20.239536175033084,2.1128532226239747,39.311525887724244,62.189557637005336,22.878031749287906,66.18955763700684,50.7505417623652,35.31152588772385,50.7505417623652,8
2,40,breakout,5.0,4.0,1.0,12943.494528790212,-48.226021884839156,53.61037382822656,-0.9440097160032931,0.8869057133262883,2663,40.66841907622982,-0.023076675822916733,52.15020653398423,1317,1346,42.489959839357425,1,-26.55489874915996,3.9783690259217757,38.45242763888039,63.036702291024696,24.584274652142632,67.03670229102643,38.45242763888039,34.452427638879456,63.036702291024696,9
2,44,breakout,5.0,4.0,0.5,12769.864974695416,-48.920540101218336,50.530307897340855,-1.265808244563998,0.851832252070879,2736,35.78216374269006,-0.023635070527611875,27.947733918128655,1336,1400,37.18875502008032,1,-21.510476699739304,1.8493412524043729,39.241172953703156,62.278117503712814,23.036944550007867,66.27811750371313,50.75964522870498,35.24117295370418,50.75964522870498,10
2,42,breakout,5.0,4.0,0.5,12708.092235039945,-49.167631059840225,50.891194640642134,-1.2825744804392207,0.856334680075925,2918,35.05825908156272,-0.022337043899121348,26.98526387936943,1418,1500,37.99196787148594,2,-22.96272587407118,6.571260214219087,39.16975152055346,62.37128368272663,23.20153216217137,66.37128368272703,50.770517601643526,35.16975152054944,50.770517601643526,11
2,38,breakout,5.0,4.0,0.5,11098.383206961356,-55.606467172154574,56.47178146311174,-1.5217561931236219,0.8332389011949151,3112,35.08997429305913,-0.025250749669399775,25.088046272493575,1524,1588,36.94779116465863,1,-21.211324990280477,0.22841748881637083,38.351466219778665,63.16010008331841,24.80863386354647,67.16010008331857,50.75578315155184,34.35146621977723,50.75578315155184,12
2,36,breakout,5.0,4.0,1.0,10288.690493525639,-58.84523802589745,61.67877463276994,-1.2736597209617289,0.8588984422332658,3024,39.48412698412698,-0.027882060054059018,47.83465608465608,1490,1534,41.68674698795181,1,-27.11203001761277,2.0515792336446874,38.24809070838115,63.28815375754177,25.040063049161457,67.28815375754019,38.24809070838115,34.2480907083811,63.28815375754177,13
2,30,breakout,5.0,4.0,1.0,9990.002498096743,-60.03999000761303,62.683416299208616,-1.3408293741257002,0.8661120120485228,3558,39.46037099494098,-0.02453042386821189,42.08206857785272,1752,1806,40.562248995983936,2,-32.41272860204783,7.747301551428196,37.00462141288087,64.51794695758065,27.513325544698517,68.51794695758097,37.00462141288087,33.00462141287957,64.51794695758065,14
2,34,breakout,5.0,4.0,1.0,8800.663307310002,-64.79734677075999,66.8096286172122,-1.5070675472388195,0.8410075207963309,3263,39.564817652467056,-0.030652857017138237,45.45847379711922,1615,1648,41.04417670682731,1,-28.50967942311987,1.2020629284802922,38.14273088115317,63.42181076392071,25.27907988276343,67.4218107639203,38.14273088115317,34.142730881154044,63.42181076392071,15
2,32,breakout,5.0,4.0,1.0,8784.798282186899,-64.8608068712524,66.7446042071831,-1.484249428821999,0.8487268360141316,3528,39.3140589569161,-0.028377920381491478,42.743480725623584,1747,1781,40.24096385542168,2,-31.913324577792185,1.8344879057931183,38.036005778978335,63.55857017957947,25.52256440060644,67.55857017957798,38.036005778978335,34.036005778979074,63.55857017957947,16
2,28,breakout,5.0,4.0,1.0,8593.089948799845,-65.62764020480061,66.31080770115005,-1.5491703418412317,0.8521455628396999,3874,39.132679401135775,-0.026412110960301636,39.657976251935985,1903,1971,40.88353413654618,1,-32.92284291587298,7.530710789217067,36.843358044973776,64.7089852909748,27.865627246002653,68.70898529097389,36.843358044973776,32.84335804497162,64.7089852909748,17
2,26,breakout,5.0,4.0,1.0,6303.176518752547,-74.78729392498981,74.9102473826128,-2.034473529835582,0.8211688978432005,4274,38.324754328497896,-0.0311767244774625,36.7042583060365,2106,2168,40.0,1,-36.11803265070142,5.8306658287930295,36.68176984824264,64.91059733543347,28.228827487189957,68.91059733543273,36.68176984824264,32.68176984824319,64.91059733543347,18
2,24,breakout,5.0,4.0,1.0,4803.192699177671,-80.78722920328931,80.89471120972104,-2.379458430892207,0.8022698143741543,4745,38.4404636459431,-0.033780340595137445,34.076080084299264,2342,2403,38.87550200803213,0,-36.77497722275824,-5.841323077960091,36.52223801227976,65.12190280842225,28.599664796145458,69.12190280841966,36.52223801227976,32.52223801227837,65.12190280842225,19
2,22,breakout,5.0,4.0,1.0,3319.2103617956604,-86.72315855281735,86.78619138415543,-2.8697407864067626,0.7766033926083394,5323,37.36614690963742,-0.0370218678988718,31.240841630659403,2660,2663,37.34939759036144,0,-38.15412766644591,-8.077629938369883,36.36882797200195,65.33205816137452,28.963230189377047,69.33205816137482,36.36882797200195,32.36882797200105,65.33205816137452,20
2,20,breakout,5.0,4.0,1.0,3120.2374121910984,-87.5190503512356,87.57830462472221,-2.96625012960345,0.7717458170775714,5407,37.54392454226003,-0.037577494331016065,30.186979840946922,2670,2737,36.626506024096386,0,-36.90338838435296,-7.002601385967493,34.88745558743055,66.77444282290601,31.886987235476482,70.77444282290628,34.88745558743055,30.887455587429322,66.77444282290601,21
2,18,breakout,5.0,4.0,1.0,2536.303235487909,-89.85478705804837,89.90295224091982,-3.166548688550034,0.7666116498424422,6147,37.28648121034651,-0.036408550622163915,27.598503334960142,3056,3091,37.18875502008032,0,-41.48063333547397,-6.585533914371644,34.63862813006728,67.09092999857577,32.452301868503596,71.09092999857243,34.63862813006728,30.63862813006656,67.09092999857577,22
2,16,mean_reversion,5.0,4.0,1.0,1435.0093941760517,-94.25996242329579,94.61074607635211,-4.220351352219599,0.7221814598471183,7094,49.68987877079222,-0.039562510885294,24.410064843529742,3563,3531,37.510040160642575,0,-52.50974920228499,-10.03267232103157,34.39889699276335,67.40188768654023,33.00299069377817,30.398896992763653,67.40188768654023,71.40188768653901,34.39889699276335,23
2,14,breakout,5.0,4.0,1.0,857.7995659919264,-96.5688017360323,96.58384923982857,-4.712355446859048,0.7143675282587603,8339,36.39525122916417,-0.039850720165377,21.523324139585082,4134,4205,33.092369477911646,0,-53.699464663342845,-11.161574251163922,34.19344848052056,67.67560404665171,33.48215556613145,71.67560404665127,34.19344848052056,30.193448480520352,67.67560404665171,24
2,12,mean_reversion,5.0,4.0,1.0,639.7998621318806,-97.44080055147248,97.53022667781967,-5.505986286231804,0.7088571209339843,10025,49.1571072319202,-0.0360075503240621,18.40059850374065,5071,4954,33.734939759036145,0,-68.44906195136585,-8.420351832936621,34.09085088098075,67.86462566807405,33.773774787094425,30.09085088098039,67.86462566807405,71.86462566807127,34.09085088098075,25
2,10,mean_reversion,5.0,4.0,1.0,396.7634514649561,-98.41294619414018,98.45795519538724,-6.428864054103296,0.6822296507366488,10765,47.97956339990711,-0.037978914232820654,16.661495587552253,5453,5312,31.16465863453815,0,-69.94603900391736,-5.352504677702306,31.55497805987684,70.37653586978999,38.82155780991124,27.554978059877122,70.37653586978999,74.3765358697879,31.55497805987684,26
5,60,breakout,5.0,4.0,0.5,27555.439656266735,10.221758625066935,17.418115195248994,0.26276743993416707,1.059022173754564,777,44.78764478764479,0.01518637397788156,34.67052767052767,374,403,25.301204819277107,4,-12.874075503220608,15.019482034616855,40.0297485042213,62.17754669914691,22.147798194927883,66.17754669914851,51.10364760168229,36.029748504221104,51.10364760168229,1
5,40,breakout,5.0,4.0,1.0,27467.867551248222,9.871470204992882,22.908030278632662,0.2202826408462743,1.0436856408867101,1117,48.52282900626679,0.011579678647048085,41.578334825425245,556,561,36.626506024096386,3,-3.308057985472356,10.447335081767163,38.280628337092885,64.04478496028972,25.7641566232004,68.04478496029013,38.280628337092885,34.28062833709065,64.04478496028972,2
5,58,breakout,5.0,4.0,0.5,26305.27712023525,5.221108480940995,19.418655768634995,0.15970808834010095,1.034674361293072,819,44.2002442002442,0.008740028313717509,33.84859584859585,394,425,26.104417670682732,5,-16.165168548931263,10.541333165724751,39.97787611735905,62.24269730951038,22.26482119214471,66.24269730951235,51.110286713432785,35.977876117359486,51.110286713432785,3
5,44,breakout,5.0,4.0,1.0,26304.791033014073,5.219164132056298,27.95970960158537,0.146964375829283,1.030121262433,1070,48.97196261682243,0.007993410852296023,42.90560747663552,528,542,36.46586345381526,4,-11.660117735581338,10.679238083147268,39.07522976424919,63.269921995770915,24.194692231524414,67.26992199577256,39.07522976424919,35.07522976424857,63.269921995770915,4
5,56,breakout,5.0,4.0,0.5,25837.696808566918,3.3507872342676714,19.710533624816705,0.11898553309543998,1.0256626449538846,852,44.48356807511737,0.006445857529072341,32.87793427230047,406,446,26.586345381526105,5,-15.787422909200549,7.958776418006844,39.923355884027075,62.31135909823637,22.38800321421035,66.31135909823779,51.1173574911338,35.92335588402587,51.1173574911338,5
5,46,breakout,5.0,4.0,1.0,25801.216805966305,3.2048672238652154,26.484787816082523,0.11263584486907975,1.0240992552993409,1018,49.312377210216106,0.006489345126577345,43.63064833005894,496,522,35.42168674698795,5,-13.827350779905945,8.687273364888313,39.13981188726695,63.18667407899471,24.046862191723836,67.18667407899521,39.13981188726695,35.13981188726662,63.18667407899471,6
5,36,breakout,5.0,4.0,1.0,25436.122045482633,1.744488181930537,33.02821043743671,0.09069147328688909,1.0158770178817635,1320,46.06060606060606,0.004134762757673568,37.861363636363635,653,667,38.87550200803213,2,-7.372405888642364,18.635591176440702,38.13749144872315,64.2441105396009,26.106619090879015,68.24411053960016,38.13749144872315,34.13749144872347,64.2441105396009,7
5,54,breakout,5.0,4.0,0.5,24892.687078160747,-0.4292516873570129,20.685974383172024,0.037898900581596694,1.0087562573416873,896,43.638392857142854,0.0021966605611907605,31.907366071428573,427,469,27.710843373493976,5,-15.332408242773635,6.844340218676373,39.87237137943314,62.37977290317216,22.507401523739265,66.37977290317295,51.126072141300604,35.872371379432714,51.126072141300604,8
5,52,breakout,5.0,4.0,0.5,24729.30802555908,-1.0827678977636812,23.529098206370236,0.026732493303765203,1.0058044367258203,948,43.35443037974683,0.0014206823994890956,31.158227848101266,453,495,28.755020080321287,4,-11.074001827549091,8.588781226029866,39.82306227111498,62.44952089316639,22.62645862205039,66.44952089316725,51.13629158214065,35.82306227111471,51.13629158214065,9
5,50,breakout,10.0,4.0,0.5,24617.165652372587,-1.5313373905096572,20.026301290935844,0.02456238098551876,1.0051702519689771,1218,42.77504105090312,0.001200636974843167,29.896551724137932,583,635,33.81526104417671,3,-7.907395741257313,3.7458649441286185,41.52854031823046,60.96067134536341,19.43213102713423,64.96067134536251,51.24460583180079,37.52854031823113,51.24460583180079,10
5,34,breakout,5.0,4.0,1.0,24485.452294494487,-2.0581908220220435,36.49630369975706,0.029779828244055045,1.0045737938889945,1411,45.28703047484054,0.0011586530552988635,35.654854712969524,700,711,39.83935742971887,2,-10.385709616138863,20.88709672286509,38.074321931233825,64.3419206134203,26.267598682189046,68.34192061342029,38.074321931233825,34.074321931233534,64.3419206134203,11
5,48,breakout,5.0,4.0,1.0,24431.34575501933,-2.2746169799226723,25.16533713043989,0.01331859668712936,1.0041978718993525,968,49.3801652892562,0.0011614426615712803,44.30578512396694,469,499,34.29718875502008,5,-15.950720930266026,7.180870386432862,39.20331255831911,63.09918331641649,23.895870758098848,67.0991833164145,39.20331255831911,35.20331255831931,63.09918331641649,12
5,30,breakout,5.0,4.0,0.5,24168.32668253138,-3.326693269874481,27.310848863368754,-0.005369588026669371,0.998685911922395,1587,40.95778197857593,-0.0002591037850253843,19.80655324511657,791,796,37.670682730923694,3,-7.0828303819037,8.368170988663776,36.96185574907593,65.38436519083722,28.422509441762845,69.38436519083693,51.17311046995693,32.961855749075156,51.17311046995693,13
5,38,breakout,15.0,4.0,0.5,24083.87424625524,-3.664503014979037,36.13437813168435,0.0017079969237845294,0.9992813437684572,1870,41.01604278074866,-0.0001488381523692522,22.725133689839573,916,954,40.401606425702816,2,-8.968572885833742,12.741649052140849,42.82953039906809,59.9233188419816,17.09378844291248,63.923318841982905,51.37642462052444,38.82953039906853,51.37642462052444,14
5,42,breakout,20.0,4.0,1.0,23860.37998758339,-4.558480049666436,36.20991789460491,-0.0009004954830044336,0.9996520960487504,1775,43.83098591549296,-8.339999134837435e-05,33.00507042253521,859,916,43.77510040160642,3,-9.523345444862036,8.182656253878848,44.51086531325788,58.25497107836964,13.744105765111476,62.25497107836938,44.51086531325788,40.51086531325763,58.25497107836964,15
5,28,breakout,5.0,4.0,0.5,21076.139089019387,-15.695443643922458,36.684189106022046,-0.24487145971520086,0.9577536271442615,1723,39.872315728380734,-0.008198950159191611,18.486941381311667,861,862,37.10843373493976,2,-10.45018465343967,7.624267180764807,36.84761260227549,65.52764765423525,28.680035051957102,69.52764765423504,51.187630128255584,32.84761260227584,51.187630128255584,16
5,32,breakout,5.0,4.0,0.5,20986.92050251377,-16.05231798994492,37.07124499556529,-0.2463981339836704,0.9561267822213071,1604,41.45885286783042,-0.009078777730795046,20.75,797,807,38.31325301204819,2,-16.33607734172981,8.376947825898036,38.014429536333985,64.43683552746056,26.422405991119046,68.43683552746006,51.22563253189418,34.01442953633422,51.22563253189418,17
5,26,breakout,5.0,4.0,0.5,20365.265309557017,-18.538938761771938,33.106614547039015,-0.31274867965358505,0.9505294131767398,1906,40.083945435466944,-0.009290553103201806,17.32738719832109,950,956,38.23293172690763,2,-8.32898005090109,5.062531609294393,36.73267532372717,65.68225833326575,28.949583009540472,69.6822583332656,51.207466828494326,32.732675323727015,51.207466828494326,18
5,24,breakout,5.0,4.0,1.0,16319.144889925758,-34.72342044029697,53.16302011404473,-0.5328499451008342,0.9179405250105811,1988,44.3158953722334,-0.019280162030160492,28.205734406438633,993,995,43.21285140562249,1,-18.926758529131472,8.78137516005739,36.62324713936377,65.83337380959541,29.2101266702277,69.8333738095964,36.62324713936377,32.62324713936482,65.83337380959541,19
5,22,breakout,10.0,4.0,1.0,15610.635050406747,-37.55745979837302,52.09128873818568,-0.6221915438659268,0.9203546834484729,2519,41.762604208019056,-0.016808078596330822,24.53195712584359,1250,1269,42.971887550200805,1,-21.11204987799629,0.2539648248293532,38.943398330005294,63.86451912288995,24.92112079288782,67.8645191228906,38.943398330005294,34.94339833000498,63.86451912288995,20
5,20,breakout,5.0,4.0,1.0,14096.537333138303,-43.61385066744678,56.078301460831945,-0.7581836705892468,0.8943875197697191,2258,42.33835252435784,-0.023376773773301815,25.453498671390612,1097,1161,42.570281124497996,0,-22.2715970129163,-2.12012948109075,35.015735727939585,67.37458014252852,32.35884441458674,71.37458014252744,35.015735727939585,31.01573572793979,67.37458014252852,21
5,16,breakout,5.0,4.0,1.0,11699.592099096431,-53.201631603614274,54.99347849138023,-1.0700067989693638,0.8772370350449055,2903,40.854288666896316,-0.02458709783723118,21.410954185325526,1427,1476,42.730923694779115,1,-24.671436825296432,5.360840448585654,34.64537973636559,67.89797090753596,33.2525911711725,71.89797090753581,34.64537973636559,30.64537973636506,67.89797090753596,22
5,14,breakout,5.0,4.0,1.0,11411.045929924905,-54.355816280300374,55.75835285453425,-1.1103665204163764,0.8818157654537847,3360,40.327380952380956,-0.02198033515144973,19.088392857142857,1654,1706,42.329317269076306,0,-24.83529435806894,-0.5648557506653219,34.50031332786084,68.14580280494961,33.645489477090734,72.14580280494913,34.50031332786084,30.500313327860344,68.14580280494961,23
5,18,breakout,5.0,4.0,1.0,11276.147593295127,-54.89540962681949,56.878911359422666,-1.111260589375693,0.8608442952808666,2546,40.96622152395915,-0.029612111234105665,23.343676355066773,1256,1290,43.132530120481924,0,-23.034188429838405,-2.3518625403548263,34.82239546667314,67.63680548545172,32.81441001877589,71.63680548545202,34.82239546667314,30.822395466672393,67.63680548545172,24
5,12,breakout,5.0,4.0,1.0,10253.003217900412,-58.987987128398345,59.26636178247051,-1.213934112305528,0.8786644070612256,4000,39.35,-0.021150910585748115,16.712,1978,2022,42.489959839357425,1,-27.502600200104588,14.975784807217227,34.44001422482685,68.32040389435296,33.8803896695258,72.3204038943535,34.44001422482685,30.440014224826925,68.32040389435296,25
5,10,breakout,5.0,4.0,1.0,7334.621382037859,-70.66151447184856,71.1240608406178,-1.6944094972460289,0.8394603829122128,4286,39.19738684087727,-0.027562894633829698,15.19225384974335,2106,2180,40.401606425702816,1,-32.058981289868846,2.863101262862598,31.88414170917348,70.78645937039303,38.9023176612181,74.7864593703929,31.88414170917348,27.884141709174425,70.78645937039303,26
15,48,breakout,20.0,0.0,1.0,35202.35529165183,40.80942116660733,11.782467321398693,0.7063428842153283,1.1661600230384774,900,50.55555555555556,0.041122331512351125,14.76,441,459,33.57429718875502,5,-2.015830436803399,23.599655467377794,44.314555189442764,59.37320429210284,15.058649102660178,59.37320429210284,44.314555189442764,44.314555189442764,59.37320429210284,1
15,38,breakout,10.0,4.0,1.0,33831.55142583802,35.32620570335207,11.701658225678624,0.765718172379957,1.2202433827010981,591,53.13028764805414,0.05420911968466786,16.737732656514382,295,296,24.738955823293175,4,-3.323660337510046,18.612560814382576,40.259093390109875,63.11297855304468,22.85388516293524,67.1129785530449,40.259093390109875,36.25909339010998,63.11297855304468,2
15,46,breakout,20.0,0.0,1.0,32850.843826968376,31.403375307873517,15.252215545784942,0.5641850866508206,1.1285446078415406,942,48.30148619957537,0.03200432181884559,14.510615711252655,465,477,33.4136546184739,3,-2.782193839034754,19.518804496702643,44.4692742976977,59.26649911853979,14.79722482084304,59.26649911853979,44.4692742976977,44.4692742976977,59.26649911853979,3
15,60,breakout,15.0,0.0,0.0,32293.831317391025,29.1753252695641,12.856955289347017,0.6280823835882675,1.1596957266036627,929,39.61248654467169,0.029410780109210492,7.950484391819161,450,479,24.97991967871486,3,-8.238368160297483,29.684246893309318,43.381034001608185,59.896377156738836,16.515343155130836,59.896377156738836,59.896377156738836,43.381034001608185,43.381034001608185,4
15,58,breakout,15.0,0.0,0.0,31990.171136755187,27.96068454702074,14.560518323691095,0.5961722876590214,1.151235694453184,952,39.180672268907564,0.027828170677297794,7.862394957983193,464,488,24.57831325301205,3,-5.330246175077277,27.82850076549695,43.44689933184843,59.885567996871856,16.43866866502403,59.885567996871856,59.885567996871856,43.44689933184843,43.44689933184843,5
15,56,breakout,15.0,0.0,0.0,31584.563944093876,26.338255776375497,12.150308922993226,0.568823514267315,1.1391742082378016,989,39.53488372093023,0.02545644425720533,7.673407482305359,474,515,24.899598393574294,3,-4.355199128212951,27.261815952281047,43.23512694858538,60.104667326433784,16.869540377847123,60.104667326433784,60.104667326433784,43.23512694858538,43.23512694858538,6
15,50,breakout,20.0,0.0,1.0,31505.987055225716,26.02394822090286,14.629346540221178,0.4811877265862726,1.1137736166652314,883,49.830124575311444,0.029601822648465,14.834654586636466,436,447,32.53012048192771,4,-6.6630145097615445,22.20351822829668,44.48354076446956,59.200375852088136,14.71683508761938,59.200375852088136,44.48354076446956,44.48354076446956,59.200375852088136,7
15,42,breakout,5.0,2.0,0.5,31502.44268893504,26.009770755740156,16.810979838757046,0.5998475250480975,1.1688743124691952,596,51.51006711409396,0.041488974177666914,15.513422818791947,294,302,23.93574297188755,4,-12.94525327242247,27.795457865325666,38.59094619735714,64.4544521460643,25.863505948709737,66.4544521460639,51.52269917171064,36.59094619735713,51.52269917171064,8
15,40,breakout,15.0,4.0,1.0,31339.493136079876,25.35797254431951,14.618728133815539,0.5798125330270156,1.152890179880174,636,50.62893081761006,0.03834932153784583,16.13993710691824,309,327,24.97991967871486,4,-9.984746345834138,21.844903252127878,42.18957343576166,61.392409989859,19.20283655409752,65.39240998985855,42.18957343576166,38.18957343576035,61.392409989859,9
15,52,breakout,10.0,4.0,0.5,30928.56158106811,23.714246324272438,13.529398884626865,0.629887327722463,1.194561866553914,464,53.44827586206896,0.04866157340018863,16.35991379310345,229,235,19.759036144578314,3,-4.395641780827904,16.798070411707513,41.38714675108372,61.7725114551846,20.385364704101796,65.77251145518487,51.57982910313363,37.38714675108319,51.57982910313363,10
15,44,breakout,15.0,4.0,1.0,30920.583167227505,23.68233266891002,17.322486643758715,0.535147739332714,1.1472939921153824,608,52.13815789473685,0.038128499636595904,16.435855263157894,295,313,24.819277108433734,4,-11.68230538786597,31.189426412238163,42.80057286869955,60.762992734021516,17.962419865322513,64.76299273402111,42.80057286869955,38.80057286869809,60.762992734021516,11
15,34,breakout,10.0,4.0,1.0,30680.593169582844,22.72237267833137,15.342959849533532,0.5072315995814721,1.1414758981405395,632,52.21518987341772,0.035731410063781784,16.44145569620253,312,320,25.622489959839356,4,-8.452540686643616,15.496718103041449,39.76270281705088,63.70497786923079,23.942275052180726,67.7049778692307,39.76270281705088,35.762702817049984,63.70497786923079,12
15,54,breakout,10.0,4.0,0.5,30021.23008845579,20.084920353823165,14.90940907938283,0.5559871090847993,1.1728631916616143,457,52.29759299781181,0.042878621815620827,16.663019693654267,228,229,19.03614457831325,3,-8.256567235089543,17.820410442533703,41.37694220689111,61.74196482659462,20.36502261970347,65.7419648265944,51.55945351674326,37.37694220689153,51.55945351674326,13
15,26,breakout,20.0,0.0,1.0,29872.448941961844,19.489795767847372,20.589303705968632,0.35202718947286776,1.0666009435669472,1312,46.72256097560975,0.01632296680338692,13.083079268292684,659,653,41.52610441767068,3,-7.907906553214918,32.04504484590744,43.22528299627084,60.927633062812156,17.702350066539122,60.927633062812156,43.22528299627084,43.22528299627084,60.927633062812156,14
15,36,breakout,5.0,4.0,1.0,29678.899483311598,18.715597933246396,17.436927285964543,0.456216626300368,1.1452428603111278,496,51.41129032258065,0.03786453039502379,17.33467741935484,254,242,20.240963855421686,4,-14.07386093770993,23.074909961118443,37.7152772606865,65.40489334599698,27.68961608531471,69.4048933459986,37.7152772606865,33.715277260686044,65.40489334599698,15
15,32,breakout,5.0,4.0,1.0,29563.551051293995,18.254204205175984,15.219864640158576,0.43420527694786104,1.1276953624266093,559,51.162790697674424,0.03309819424714498,16.86583184257603,278,281,22.650602409638555,4,-12.27633394287762,19.529959345644844,37.5891862080442,65.71994428051345,28.130758072473103,69.7199442805144,37.5891862080442,33.589186208043444,65.71994428051345,16
15,20,breakout,5.0,4.0,1.0,28697.43979217149,14.789759168685968,23.336559047885874,0.34799014861341104,1.0798232173868385,783,49.297573435504475,0.02048932569559411,15.177522349936144,379,404,29.156626506024097,4,-21.512628067816276,14.72576024612151,34.746351857281375,68.84102214123553,34.09467028395332,72.84102214123632,34.746351857281375,30.746351857281425,68.84102214123553,17
15,24,breakout,5.0,4.0,1.0,28442.72388207846,13.770895528313831,19.98717490292723,0.3231710524583189,1.0811210855632254,719,50.62586926286509,0.02114118232950482,15.618915159944367,356,363,28.433734939759038,5,-18.05264866242098,11.161837090522843,36.26488101472047,67.25507126214038,30.990190247418457,71.25507126214201,36.26488101472047,32.26488101472085,67.25507126214038,18
15,30,breakout,5.0,4.0,1.0,28099.763083032096,12.399052332128392,17.977864897173014,0.31652183260223565,1.0938344591380402,545,51.00917431192661,0.02474431277364035,16.68807339449541,270,275,22.008032128514056,4,-15.323858326146226,17.828656234996696,36.596954453367196,66.6880054386917,30.09105098532578,70.68800543869187,36.596954453367196,32.596954453367225,66.6880054386917,19
15,28,breakout,5.0,4.0,1.0,26561.949751199114,6.2477990047964616,18.824115276649124,0.1812845592069029,1.0509523138544443,601,51.08153078202995,0.013468435466186689,16.555740432612314,290,311,24.096385542168676,4,-14.47690123084322,8.10296271334559,36.4805563357866,66.88912874968275,30.40857241389645,70.8891287496817,36.4805563357866,32.48055633578549,66.88912874968275,20
15,22,breakout,5.0,4.0,1.0,26148.518911280138,4.594075645120554,21.24071125697985,0.14163720383482617,1.0322262425986277,804,48.383084577114424,0.008476426082643203,15.196517412935323,401,403,29.799196787148595,4,-19.05262903564493,10.34717157822187,36.1710844602214,67.41601541732742,31.24493095710534,71.41601541732653,36.1710844602214,32.171084460220904,67.41601541732742,21
15,18,breakout,5.0,4.0,1.0,24740.002712378133,-1.0399891504874748,23.73689242693313,0.024413030334252826,1.0072860300878488,895,47.374301675977655,0.0018470757009947049,14.416759776536313,425,470,30.923694779116467,4,-18.103551365694308,11.713672252315844,34.601993317345304,69.07254576768861,34.470552450341074,73.0725457676886,34.601993317345304,30.601993317345542,69.07254576768861,22
15,14,breakout,10.0,0.0,1.0,23530.847662462016,-5.87660935015194,41.97317747996134,-0.025553530862548086,0.9945544433579226,1652,46.06537530266343,-0.001303599933404509,12.021791767554479,842,810,46.1847389558233,3,-14.310971168277325,7.984476573458283,36.547930594365994,67.59004587459296,31.042115280227055,67.59004587459296,36.547930594365994,36.547930594365994,67.59004587459296,23
15,16,breakout,15.0,0.0,1.0,23204.712118790696,-7.181151524837215,41.47020878244015,-0.042900803519067325,0.9913254216148792,1648,45.26699029126214,-0.0021429156512569026,12.129247572815533,850,798,45.863453815261046,3,-14.198593468209477,22.342846915041513,39.568816864423994,64.65964064047557,25.090823776051437,64.65964064047557,39.568816864423994,39.568816864423994,64.65964064047557,24
15,12,breakout,5.0,4.0,1.0,22157.031541854492,-11.371873832582025,36.699912938595226,-0.1484105210224679,0.9739963495349584,1375,46.909090909090914,-0.006318537119284451,11.790545454545455,692,683,41.445783132530124,3,-14.656947258364909,11.146169809303304,34.76609830425708,69.41866156846345,34.65256326420582,73.4186615684626,34.76609830425708,30.766098304257177,69.41866156846345,25
15,10,breakout,5.0,4.0,0.5,21837.165480413558,-12.651338078345765,33.56850245342413,-0.18096228674876963,0.9662429939748985,1479,42.93441514536849,-0.007128126075246252,8.093982420554429,740,739,39.196787148594375,3,-10.894744373543604,9.687763421101183,32.40845773618095,71.77932919670755,39.370871460526544,75.77932919670685,52.093893466443205,28.408457736181177,52.093893466443205,26
30,16,breakout,5.0,2.0,1.0,34909.393636077504,39.63757454431003,11.519245156336833,0.9693918870992633,1.2704011383832545,636,51.41509433962265,0.05477188777000973,7.2421383647798745,312,324,25.542168674698797,4,-3.4882876180192577,30.255719490870298,34.12992095485356,70.16476654607635,36.03484559122233,72.16476654607595,34.12992095485356,32.12992095485317,70.16476654607635,1
30,32,breakout,10.0,4.0,0.5,34853.39771747752,39.413590869910095,4.780165375442246,1.2102910631747443,1.5126024068706652,351,55.55555555555556,0.0969464610931102,7.612535612535613,175,176,15.66265060240964,4,-1.3743118233655809,24.054840975007956,39.5676441430275,64.544996754905,24.97735261187721,68.5449967549061,52.056320448966225,35.56764414302782,52.056320448966225,2
30,34,breakout,15.0,4.0,0.5,34262.45464068309,37.04981856273237,6.164600082628169,1.0699337084414904,1.4201310079105562,387,54.78036175710594,0.08382775049678735,7.467700258397933,184,203,16.867469879518072,4,-1.6283236735771172,20.146431816294285,42.240272809540585,62.27569576825165,20.035422958710903,66.27569576825195,52.25798428889474,38.24027280954027,52.25798428889474,3
30,36,breakout,20.0,2.0,0.5,33835.30923845111,35.34123695380445,7.688708820078927,0.9646879347584884,1.3129735379079912,493,54.96957403651116,0.063881476109886,7.154158215010142,241,252,21.204819277108435,4,-2.2801812812740256,20.13892973903334,44.46415250304644,60.417317561909556,15.953165058863869,62.417317561909606,52.44073503247806,42.46415250304654,52.44073503247806,4
30,28,breakout,15.0,0.0,0.0,33009.82845396135,32.03931381584542,13.283562468582522,0.7312024161383291,1.228332690290594,698,44.55587392550143,0.04190462015806732,4.7793696275071635,341,357,23.21285140562249,4,-3.9861143076987426,23.488843623019857,41.34962651843196,63.24797914482477,21.898352626393873,63.24797914482477,63.24797914482477,41.34962651843196,41.34962651843196,5
30,38,breakout,10.0,0.0,0.5,32745.582734907606,30.98233093963043,8.208241772238111,0.8737172866551409,1.2894847513479317,483,54.24430641821946,0.05811549626656052,7.097308488612836,235,248,20.722891566265062,5,-3.301163033012539,16.375385148290782,40.14105321420412,63.86606760320369,23.725014388999128,63.86606760320369,52.00356040870477,40.14105321420412,52.00356040870477,6
30,18,breakout,5.0,4.0,1.0,32618.45897248209,30.47383588992836,8.784024990013373,0.8445558503811933,1.283006641226768,475,52.0,0.05825975354447276,7.543157894736842,231,244,19.759036144578314,3,-2.0793563342076364,30.484124547887497,34.208986188526104,69.88349016669147,35.67450397816767,73.88349016669211,34.208986188526104,30.20898618852631,69.88349016669147,7
30,30,breakout,5.0,4.0,0.5,32308.103348220542,29.23241339288216,7.352680547266366,1.0869156971917606,1.492653992984602,286,54.54545454545454,0.0922890201839205,7.863636363636363,136,150,12.530120481927712,3,-1.988504198694196,20.211041021812605,36.19863738425349,67.40794375470344,31.20930637044996,71.40794375470315,51.80329056947812,32.19863738425295,51.80329056947812,8
30,20,breakout,10.0,4.0,1.0,31707.454343744674,26.829817374978692,9.405239656888021,0.7259321651265874,1.231488018711289,484,53.099173553719005,0.05153615292284289,7.578512396694215,233,251,20.481927710843372,4,-5.401733712523003,23.241730366471863,37.168851019753035,67.26101822309461,30.092167203340892,71.2610182230946,37.168851019753035,33.168851019753546,67.26101822309461,9
30,52,breakout,10.0,4.0,0.5,31117.58643753687,24.47034575014748,5.476974206138873,0.9807272500257772,1.5197567805734427,221,54.75113122171946,0.10152193110678144,8.004524886877828,107,114,9.718875502008032,4,-2.1170812514787403,9.73779229127185,41.727519094196055,62.19623381776188,20.468714723565625,66.19623381776255,51.96187645597947,37.72751909419624,51.96187645597947,10
30,24,breakout,5.0,4.0,0.5,30899.44923736695,23.5977969494678,10.558131816809802,0.8085906471683639,1.2939703673277043,391,52.17391304347826,0.056404999267977485,7.432225063938619,182,209,16.305220883534137,3,-5.787172167211418,22.54842858891604,35.830856776903154,68.0452148368609,32.21435805995614,72.04521483686152,51.93803580688154,31.83085677690339,51.93803580688154,11
30,22,breakout,20.0,2.0,0.5,30279.350170164715,21.11740068065886,12.333615399912523,0.524311417331984,1.1342292943455505,678,50.737463126843664,0.030436506898358112,6.656342182890856,342,336,26.34538152610442,4,-4.999267190524042,22.02475911343835,42.418771640418214,62.646285389938036,20.227513749520245,64.64628538993814,52.53252851517755,40.418771640418086,52.53252851517755,12
30,58,breakout,10.0,4.0,0.5,30182.245561915886,20.728982247663552,7.006923653927954,0.9339520851946772,1.505560924015794,204,55.392156862745104,0.09483425593780873,7.745098039215686,98,106,9.076305220883533,4,-4.953322512092577,12.887241575483067,42.22845760709891,61.729356742218826,19.500899135120754,65.72935674221894,51.978907174658964,38.2284576070996,51.978907174658964,13
30,46,breakout,10.0,4.0,0.5,30075.70085943858,20.302803437754324,4.961906321708131,0.767274465414562,1.334010370626441,270,54.81481481481482,0.07095424756673491,8.007407407407408,127,143,11.887550200803213,3,-1.3632760548977485,11.436626557401409,41.238335934578785,62.73187994526641,21.493544010687547,66.73187994526693,51.985107939922806,37.238335934579375,51.985107939922806,14
30,50,breakout,10.0,4.0,0.5,29778.00017549761,19.11200070199044,6.437125661878962,0.7507504665423557,1.364265732090202,231,54.54545454545454,0.07807761536168704,8.112554112554113,112,119,10.120481927710843,4,-1.9620333566216608,7.266679046283155,41.25992964835621,62.61159436736387,21.351664719006788,66.61159436736463,51.935762007860546,37.259929648355794,51.935762007860546,15
30,48,breakout,10.0,4.0,0.5,29767.92149786967,19.07168599147868,6.046613998843176,0.7398973861236449,1.3357277450939236,259,54.054054054054056,0.06978960423332409,7.938223938223938,123,136,11.244979919678714,5,-1.8248417568050017,8.85653194003537,41.240764792979434,62.67756519882671,21.436800405845368,66.67756519882482,51.959164995901865,37.240764792979,51.959164995901865,16
30,60,breakout,10.0,4.0,0.5,29602.518986294275,18.410075945177095,7.606757854223057,0.8230078756926924,1.4796878316197462,190,55.78947368421052,0.09165195430957372,7.873684210526315,88,102,8.514056224899598,4,-3.1027231394730075,9.961537878126128,42.23185662704453,61.677184933403105,19.445328306357563,65.67718493340234,51.95452078022298,38.23185662704394,51.95452078022298,17
30,40,breakout,20.0,2.0,0.0,29576.085702248834,18.304342808995333,9.753509360379741,0.5926098393874131,1.1872937737740734,454,51.76211453744494,0.03922533715540094,6.31057268722467,221,233,18.55421686746988,3,-4.673239717777585,15.126716155646335,44.52565840302297,60.28995717510351,15.764298772079988,62.28995717510338,60.28995717510351,42.5256584030232,44.52565840302297,18
30,56,breakout,5.0,2.0,0.5,29538.150994426287,18.15260397770515,6.614439049408983,0.7183046826387764,1.3420576659450725,235,54.04255319148936,0.07328590884532177,7.931914893617021,117,118,10.200803212851406,4,-2.148079253562695,11.575087921787809,39.54877070772879,63.66136863574239,24.112597928013848,65.6613686357429,51.605069671736395,37.5487707077286,51.605069671736395,19
30,54,breakout,10.0,4.0,0.5,29524.510265702353,18.09804106280941,8.618048045929438,0.7641362299327273,1.3888567609014157,215,55.348837209302324,0.07988451986224604,7.911627906976745,106,109,9.558232931726907,4,-3.1125769297346317,9.273348112878054,41.744399451902744,62.136235721988704,20.391836270084763,66.13623572198888,51.94031758694485,37.744399451902986,51.94031758694485,20
30,26,breakout,10.0,4.0,0.5,29393.222534368135,17.57289013747254,10.489112033184067,0.5497556086957854,1.1877182029406463,424,52.358490566037744,0.040581111387284007,7.214622641509434,200,224,17.83132530120482,3,-4.903715738178458,13.570017439062648,38.96349937489326,65.3447894603473,26.381290085454847,69.34478946034733,52.15414441762124,34.96349937489347,52.15414441762124,21
30,14,breakout,5.0,2.0,1.0,28702.379832457747,14.809519329830989,16.327657912267235,0.38789318746198254,1.0985451112531799,715,50.489510489510494,0.02171470941521721,7.1454545454545455,344,371,27.710843373493976,2,-6.72014053872247,33.96646414740698,34.15536155829328,70.39554039777467,36.24017883948117,72.39554039777438,34.15536155829328,32.155361558293016,70.39554039777467,22
30,44,breakout,10.0,2.0,0.5,28293.02670115584,13.17210680462335,10.211001593310742,0.4324213533990394,1.1654978755267429,345,53.62318840579711,0.03878822987902873,7.559420289855073,176,169,14.779116465863455,3,-7.670937499625093,15.314667983750214,40.717140623034,63.22315343074907,22.50601280771538,65.22315343074914,51.97014702689195,38.717140623034474,51.97014702689195,23
30,42,breakout,20.0,0.0,0.5,27250.091389145407,9.000365556581635,11.857576557079241,0.28530075115198317,1.0834297667323718,544,50.73529411764706,0.018151421958901945,6.768382352941177,258,286,21.365461847389557,4,-6.788216818995374,14.10049016610243,44.719150310709885,60.089347560242736,15.370197249533414,60.089347560242736,52.40424893547667,44.719150310709885,52.40424893547667,24
30,12,breakout,20.0,4.0,1.0,24092.154749319147,-3.6313810027234106,23.281292108235284,-0.03367645015547713,0.9916783499875538,895,47.486033519553075,-0.0020290979851787087,6.5128491620111735,437,458,31.96787148594378,2,-11.356511812520402,20.112849660273998,41.0409707156618,64.64614017172816,23.605169456066854,68.64614017172799,41.0409707156618,37.040970715661416,64.64614017172816,25
30,10,breakout,20.0,4.0,1.0,22703.16321966631,-9.187347121334765,22.75163343583495,-0.15806718398350356,0.9692757887092313,996,46.787148594377506,-0.007332655835431319,6.417670682730924,486,510,33.89558232931727,2,-9.778791460775833,11.110755683609549,40.268649558483226,65.47794465056782,25.209295092085434,69.47794465056796,40.268649558483226,36.268649558483084,65.47794465056782,26
60,18,breakout,10.0,4.0,0.5,33108.81231706413,32.43524926825649,4.9699528252419185,1.2890572419376682,1.660973130836705,297,56.56565656565656,0.09645416723831109,3.3905723905723906,150,147,13.413654618473897,5,-0.34776105046817263,24.823543235008643,37.17875546378356,68.20145615985669,31.02270069607356,72.20145615985689,52.69010581182065,33.17875546378373,52.69010581182065,1
60,16,breakout,10.0,4.0,1.0,31386.62333590799,25.546493343631948,5.372687905502493,0.9493828742500887,1.4528294177323196,324,53.39506172839506,0.07253544779319716,3.419753086419753,165,159,13.815261044176708,5,-1.4019545583340263,18.148230020164664,37.42475512223701,68.13693120347835,30.712176081241125,72.13693120347826,37.42475512223701,33.42475512223689,68.13693120347835,2
60,10,breakout,10.0,2.0,0.5,30412.373032148105,21.649492128592417,8.451210316182145,0.7037419188057266,1.2243425750272685,505,53.069306930693074,0.040326341908704884,3.1762376237623764,255,250,21.44578313253012,3,-2.1436302043945967,22.00316853185408,34.14126950008389,71.55313839313496,37.4118688930512,73.55313839313474,52.84720394660961,32.14126950008382,52.84720394660961,3
60,36,breakout,10.0,4.0,0.5,30244.815094760157,20.979260379040632,3.8524029610350286,1.2081376478277386,1.810186310846637,180,53.888888888888886,0.10800383254571508,3.5055555555555555,86,94,7.791164658634537,4,-0.8239973507251583,10.630624137511518,41.19115936878639,64.24412553317985,23.052966164394114,68.24412553317988,52.7176424509831,37.19115936878582,52.7176424509831,4
60,20,breakout,20.0,2.0,0.0,30209.094249477308,20.836376997909234,5.752125250816443,0.815926463550146,1.328918320515334,362,56.62983425414365,0.05364694637788116,3.2209944751381214,176,186,16.14457831325301,3,-2.4013655856449394,14.538073137926478,42.58357589611112,63.72521610635979,21.141640210248408,65.7252161063601,63.72521610635979,40.58357589611114,42.58357589611112,5
60,12,breakout,10.0,0.0,0.0,29822.534891455594,19.290139565822372,11.833117053920162,0.6096114214978289,1.1840026347008914,542,47.7859778597786,0.03415131869160793,2.8690036900369003,268,274,20.32128514056225,3,-3.730983615817168,19.308830623355718,36.23959363505723,69.5708560676473,33.33126243258955,69.5708560676473,69.5708560676473,36.23959363505723,36.23959363505723,6
60,32,breakout,10.0,4.0,0.5,29658.280383583126,18.633121534332496,3.4297450811794583,1.0442053524142645,1.6640387266716288,184,57.608695652173914,0.09498782282838235,3.4782608695652173,83,101,8.514056224899598,5,-1.5634746101463874,13.58851715934471,40.45057512650813,64.97525621528875,24.52468108877975,68.97525621528868,52.7129156708979,36.45057512650813,52.7129156708979,7
60,34,breakout,10.0,4.0,0.5,29492.5939209669,17.970375683867612,4.527939767162881,0.9990068560653441,1.6436556479058835,172,55.81395348837209,0.09816579886694238,3.511627906976744,79,93,7.710843373493977,4,-1.905856161710915,15.204371139502895,40.474807289727956,64.9022066810618,24.427399391334973,68.90220668106234,52.688506985395684,36.47480728972801,52.688506985395684,8
60,30,breakout,10.0,4.0,0.5,29131.154348748238,16.52461739499296,3.9763366945815393,0.9012219073088878,1.5368424188727166,197,53.80710659898477,0.07983557377864518,3.4923857868020303,99,98,8.514056224899598,4,-1.616135261025328,10.501792250832107,39.48022940885489,65.68493552435247,26.20470611549805,69.68493552435183,52.582582466604286,35.48022940885474,52.582582466604286,9
60,14,breakout,10.0,4.0,0.5,28682.041865110743,14.728167460442965,8.070392576380103,0.5844479763494749,1.2340761941776606,339,52.50737463126843,0.0426229550068293,3.336283185840708,169,170,14.216867469879519,4,-5.772732456609302,14.591356032766958,35.71453453146056,69.78816214463406,34.07362761317309,73.78816214463421,52.75134833804741,31.714534531460952,52.75134833804741,10
60,28,breakout,15.0,4.0,0.5,28524.04031053199,14.096161242127959,6.229433907233728,0.6370761641292073,1.3019019999048038,244,53.68852459016394,0.05607912954918699,3.622950819672131,115,129,10.522088353413654,3,-1.8833560364854827,7.318948093133057,42.19621261994518,63.706858255769276,21.510645635823902,67.70685825576922,52.951535437856805,38.196212619945264,52.951535437856805,11
60,46,breakout,10.0,4.0,0.5,28476.1260248598,13.904504099439198,3.6887667254431267,0.9292854282431315,1.6401416851986508,136,52.94117647058824,0.09819989905580394,3.485294117647059,60,76,5.783132530120482,3,-0.4980346321253303,6.463581149674083,42.252547061951404,63.0377323336974,20.785185271745963,67.03773233369736,52.645139697823524,38.252547061951226,52.645139697823524,12
60,42,breakout,10.0,4.0,0.5,28415.889637504282,13.663558550017129,3.8022997679377224,0.9121364053479724,1.5912042996067073,150,51.33333333333333,0.0878550545523575,3.46,70,80,6.184738955823294,4,-0.5604644326083495,7.662531264251083,41.78179720118133,63.58356283633595,21.801765635153373,67.58356283633583,52.682680018758866,37.78179720118139,52.682680018758866,13
60,38,breakout,10.0,4.0,0.5,28372.54087702898,13.490163508115916,5.235868156272916,0.8646258752417275,1.5265557494768194,164,52.4390243902439,0.07943058433524476,3.451219512195122,80,84,6.907630522088354,3,-1.6674292154116395,10.768382043613858,41.20997345546108,64.15743171158736,22.947458256125927,68.15743171158759,52.683702583524614,37.20997345546117,52.683702583524614,14
60,48,breakout,10.0,4.0,0.5,27710.448383079707,10.841793532318821,3.6956682345102743,0.7955872818269651,1.5239971686646478,131,50.38167938931297,0.08110839287049804,3.435114503816794,55,76,5.301204819277109,3,-1.1901973410320863,7.327719549945065,42.23810562417884,62.958984992005746,20.72087936782665,66.95898499200592,52.598545308092135,38.23810562417881,52.598545308092135,15
60,40,breakout,10.0,4.0,0.5,27659.114067941042,10.636456271764171,4.495953693762078,0.7652366046800589,1.477782547221848,151,50.331125827814574,0.06980482702904543,3.403973509933775,70,81,6.104417670682731,4,-1.4299863399030177,5.536144056232068,41.2350506603909,64.07485770414421,22.839807043754412,68.07485770414446,52.65495418226715,37.235050660390684,52.65495418226715,16
60,50,breakout,10.0,4.0,0.5,27608.124717723076,10.432498870892303,4.240069732791174,0.8076803336092587,1.5734437089449624,118,52.54237288135594,0.08626568123178811,3.5677966101694913,50,68,4.979919678714859,4,-0.9878757316100115,5.060183040884151,42.23092118851694,62.876346066289194,20.64542487777172,66.87634606628941,52.55363362740215,38.230921188516625,52.55363362740215,17
60,22,breakout,20.0,2.0,0.0,27564.92083693217,10.259683347728688,6.1009207060018,0.42739460537928725,1.1645013315754222,344,52.32558139534884,0.029889018054990887,3.2848837209302326,170,174,14.377510040160644,3,-1.7317164607506534,7.360973420508972,43.18304461855725,63.1548238964309,19.97177927787335,65.15482389643114,63.1548238964309,41.18304461855713,43.18304461855725,18
60,44,breakout,10.0,2.0,0.0,27308.49226003424,9.233969040136959,5.829897527631545,0.52973233873663,1.3010667932083086,173,50.86705202312138,0.05319028979042907,3.421965317919075,82,91,7.068273092369477,4,-1.5105176146179182,5.2968219697097565,41.798407408270606,63.51531828335406,21.716910875083794,65.51531828335415,63.51531828335406,39.798407408270464,41.798407408270606,19
60,52,breakout,5.0,4.0,0.5,27292.79781057449,9.171191242297972,1.8229178739787577,0.8559047736960665,1.8200781864619875,85,54.11764705882353,0.10481569020960961,3.4352941176470586,43,42,3.6947791164658637,5,-0.2528197820890951,4.322248237214951,40.30336835628606,64.2194183648149,23.916050008530178,68.21941836481427,52.26139336055021,36.30336835628574,52.26139336055021,20
60,54,breakout,20.0,4.0,0.0,27039.09551402821,8.156382056112843,2.98170873538538,0.5563571669176164,1.2900188255515224,166,51.204819277108435,0.0484733348837732,3.3493975903614457,67,99,6.827309236947792,4,-1.597182058170972,5.782729274665614,45.8800385927188,59.45708350428949,13.577044911571832,63.457083504288924,59.45708350428949,41.88003859271859,45.8800385927188,21
60,26,breakout,15.0,4.0,0.0,26957.658063440966,7.830632253763858,4.89288760478609,0.3773836320741098,1.1651564174747637,254,49.60629921259843,0.03187835081468186,3.4173228346456694,121,133,10.120481927710843,3,-3.1624979391010286,7.035045905674446,41.54427750290009,64.3497705045206,22.80549300162128,68.34977050452062,64.3497705045206,37.544277502900016,41.54427750290009,22
60,24,breakout,20.0,4.0,1.0,26492.970342484266,5.971881369937071,6.191205459902083,0.2653412631764462,1.10481754504203,297,52.861952861952865,0.0213093799689472,3.474747474747475,149,148,12.610441767068274,3,-5.039757129927799,6.684227279885323,43.5573548168165,62.7153462583495,19.157991441533138,66.71534625834941,43.5573548168165,39.55735481681654,62.7153462583495,23
60,56,breakout,20.0,4.0,0.5,26467.50051804726,5.87000207218904,4.910988223275248,0.39370952986732793,1.1971992554896946,171,52.046783625730995,0.03492902319466519,3.374269005847953,75,96,7.148594377510039,3,-3.184803189833591,7.4161059504508104,45.997898648147256,59.256503588049725,13.258604939902659,63.25650358804983,52.62720111809936,41.997898648147434,52.62720111809936,24
60,58,breakout,20.0,2.0,0.5,26170.57224098399,4.6822889639359655,5.992232093117067,0.27257911633901827,1.1257812044898867,199,49.74874371859296,0.02430921509935007,3.512562814070352,82,117,7.951807228915662,4,-4.423544340712284,5.293668284940649,45.85954138926226,59.3007792984031,13.441237909141048,61.30077929840307,52.5801603438326,43.85954138926214,52.5801603438326,25
60,60,breakout,5.0,0.0,0.0,26037.552793303043,4.1502111732121705,3.7382631283682466,0.2971205114595953,1.146389249625353,187,48.663101604278076,0.023008784266201784,2.909090909090909,97,90,7.148594377510039,4,-1.699030436361856,3.2727020777498192,40.624730548991856,63.68454047622821,23.059809927235435,63.68454047622821,63.68454047622821,40.624730548991856,40.624730548991856,26
