entry_signal_time,entry_time,entry_price,entry_val,exit_signal_time,exit_time,exit_price,exit_val,exit_reason,hold_minutes,equity_before,equity_after,pnl_dollars,return_pct
2021-03-15T15:09:00-04:00,2021-03-15T15:10:00-04:00,317.69,-0.0012059642857163155,2021-03-16T09:40:00-04:00,2021-03-16T09:40:00-04:00,321.19,2.1982867499999905,dark_green_next_open,1110.0,25000.0,25270.37114979679,270.3711497967888,1.0814845991871547
2021-03-22T13:38:00-04:00,2021-03-22T13:39:00-04:00,320.06,-0.008243464285739521,2021-03-31T09:44:00-04:00,2021-03-31T09:44:00-04:00,317.05,2.4691133214285834,dark_green_next_open,12725.0,25270.37114979679,25027.710238804797,-242.66091099199184,-0.960258595149055
2021-03-31T12:22:00-04:00,2021-03-31T12:23:00-04:00,320.1,-0.016999214285730035,2021-04-01T09:44:00-04:00,2021-04-01T09:44:00-04:00,323.8,3.1082291071428405,dark_green_next_open,1281.0,25027.710238804797,25311.939840278574,284.2296014737767,1.135659629913266
2021-04-01T12:58:00-04:00,2021-04-01T12:59:00-04:00,324.06,-0.006264178571428504,2021-04-05T09:41:00-04:00,2021-04-05T09:41:00-04:00,327.57,2.157244892857134,dark_green_next_open,5562.0,25311.939840278574,25580.98504247799,269.04520219941696,1.0629181481037309
2021-04-07T13:10:00-04:00,2021-04-07T13:11:00-04:00,330.96,-0.004644000000001008,2021-04-08T09:41:00-04:00,2021-04-08T09:41:00-04:00,334.56,2.23703485714286,dark_green_next_open,1230.0,25580.98504247799,25854.069531335048,273.0844888570573,1.0675292151713256
2021-04-08T15:14:00-04:00,2021-04-08T15:15:00-04:00,334.72,-0.013539999999997984,2021-04-13T09:44:00-04:00,2021-04-13T09:44:00-04:00,339.15,1.7703563928571557,dark_green_next_open,6869.0,25854.069531335048,26191.007933098077,336.9384017630291,1.30323159127681
2021-04-13T11:39:00-04:00,2021-04-13T11:40:00-04:00,338.8599,-0.018797214285727434,2021-04-15T09:43:00-04:00,2021-04-15T09:43:00-04:00,340.44,2.911144642857152,dark_green_next_open,2763.0,26191.007933098077,26307.874214999367,116.86628190128977,0.44620765340459556
2021-04-23T12:07:00-04:00,2021-04-23T12:08:00-04:00,339.66,-0.0039827142857046804,2021-04-29T09:42:00-04:00,2021-04-29T09:42:00-04:00,341.77,1.9874258928571698,dark_green_next_open,8494.0,26307.874214999367,26466.007483463178,158.13326846381096,0.6010872150728597
2021-04-29T10:29:00-04:00,2021-04-29T10:30:00-04:00,339.96,-0.014261107142838847,2021-05-05T09:36:00-04:00,2021-05-05T09:36:00-04:00,331.78,2.3772745714285493,dark_green_next_open,8586.0,26466.007483463178,25824.026238590184,-641.9812448729936,-2.4256822464594374
2021-05-07T11:30:00-04:00,2021-05-07T11:31:00-04:00,336.33,-0.011127392857120555,2021-05-11T09:56:00-04:00,2021-05-11T09:56:00-04:00,322.26,1.6927877500000066,dark_green_next_open,5665.0,25824.026238590184,24738.75792208044,-1085.2683165097442,-4.202552717701202
2021-05-13T12:30:00-04:00,2021-05-13T12:31:00-04:00,320.44,-0.013921535714276234,2021-05-14T09:42:00-04:00,2021-05-14T09:42:00-04:00,322.29,2.092207999999981,dark_green_next_open,1271.0,24738.75792208044,24876.606663632214,137.84874155177386,0.5572177147533219
2021-05-14T11:35:00-04:00,2021-05-14T11:36:00-04:00,325.3,-0.013269035714285726,2021-05-19T14:33:00-04:00,2021-05-19T14:33:00-04:00,322.25,1.631013499999999,dark_green_next_open,7377.0,24876.606663632214,24638.43639830836,-238.17026532385353,-0.9574065649075925
2021-05-24T11:34:00-04:00,2021-05-24T11:35:00-04:00,332.81,-0.01993417857144908,2021-06-03T11:05:00-04:00,2021-06-03T11:05:00-04:00,331.52,1.4961483928571373,dark_green_next_open,14370.0,24638.43639830836,24538.027617038515,-100.40878126984535,-0.40752903165859333
2021-06-03T15:29:00-04:00,2021-06-03T15:30:00-04:00,330.36,-0.002607892857174325,2021-06-04T09:43:00-04:00,2021-06-04T09:43:00-04:00,333.4,2.3174164642857034,dark_green_next_open,1093.0,24538.027617038515,24758.87630294934,220.8486859108234,0.9000262342091059
2021-06-07T11:19:00-04:00,2021-06-07T11:20:00-04:00,335.1,-0.013438785714298046,2021-06-08T09:44:00-04:00,2021-06-08T09:44:00-04:00,339.21,1.608879821428547,dark_green_next_open,1344.0,24758.87630294934,25057.531802416215,298.6554994668768,1.206256276789519
2021-06-09T12:50:00-04:00,2021-06-09T12:51:00-04:00,338.02,-0.011937071428565926,2021-06-10T09:50:00-04:00,2021-06-10T09:50:00-04:00,339.92,1.6292120000000314,dark_green_next_open,1259.0,25057.531802416215,25193.340244273582,135.80844185736714,0.5419865089995479
2021-06-10T13:09:00-04:00,2021-06-10T13:10:00-04:00,339.96,-0.012207857142885803,2021-06-21T10:02:00-04:00,2021-06-21T10:02:00-04:00,342.57,1.5360394642857265,dark_green_next_open,15652.0,25193.340244273582,25381.68209071567,188.34184644208653,0.7475858485454179
2021-06-21T12:10:00-04:00,2021-06-21T12:11:00-04:00,343.9601,-0.009309107142850548,2021-06-24T09:42:00-04:00,2021-06-24T09:42:00-04:00,350.43,2.013040035714288,dark_green_next_open,4171.0,25381.68209071567,25853.941001734653,472.2589110189838,1.8606288950082206
2021-06-24T11:15:00-04:00,2021-06-24T11:16:00-04:00,350.77,-0.011695071428552445,2021-06-28T09:42:00-04:00,2021-06-28T09:42:00-04:00,352.07,1.9554086428571467,dark_green_next_open,5666.0,25853.941001734653,25944.569692701087,90.62869096643408,0.3505411069065101
2021-06-28T12:22:00-04:00,2021-06-28T12:23:00-04:00,352.96,-0.008655678571431374,2021-07-02T09:42:00-04:00,2021-07-02T09:42:00-04:00,356.96,1.8223693928571314,dark_green_next_open,5599.0,25944.569692701087,26233.34527422946,288.77558152837446,1.113048259997207
2021-07-02T14:08:00-04:00,2021-07-02T14:09:00-04:00,358.065,-0.017841714285711005,2021-07-14T09:41:00-04:00,2021-07-14T09:41:00-04:00,364.125,1.523021714285679,dark_green_next_open,17012.0,26233.34527422946,26671.99138601774,438.6461117882791,1.6720936929808472
2021-07-16T11:30:00-04:00,2021-07-16T11:31:00-04:00,358.67,-0.01159421428570806,2021-08-23T09:44:00-04:00,2021-08-23T09:44:00-04:00,370.21,1.470857428571416,dark_green_next_open,54613.0,26671.99138601774,27524.641818095843,852.6504320781023,3.1968007927787756
2021-08-24T14:01:00-04:00,2021-08-24T14:02:00-04:00,374.23,-0.0072952142857251046,2021-08-27T10:19:00-04:00,2021-08-27T10:19:00-04:00,375.875,1.4875292857143072,dark_green_next_open,4097.0,27524.641818095843,27640.103105907878,115.46128781203515,0.41948334359840356
2021-08-30T09:30:00-04:00,2021-08-30T09:31:00-04:00,377.21,-0.0014083928571518925,2021-09-10T09:42:00-04:00,2021-09-10T09:42:00-04:00,381.71,1.7205663214285554,dark_green_next_open,15851.0,27640.103105907878,27964.247678464944,324.14457255706657,1.1727328632423983
2021-09-10T11:11:00-04:00,2021-09-10T11:12:00-04:00,379.9899,-0.01958478571430808,2021-09-14T09:38:00-04:00,2021-09-14T09:38:00-04:00,378.04,1.5385287500000167,dark_green_next_open,5666.0,27964.247678464944,27815.186885070783,-149.060793394161,-0.5330405992253873
2021-09-14T11:58:00-04:00,2021-09-14T11:59:00-04:00,377.3201,-0.007221321428548699,2021-09-21T09:37:00-04:00,2021-09-21T09:37:00-04:00,366.88,1.5154050714285667,dark_green_next_open,9938.0,27815.186885070783,27040.1576839352,-775.029201135585,-2.7863526653188364
2021-09-27T11:16:00-04:00,2021-09-27T11:17:00-04:00,370.5,-0.009100928571430293,2021-09-30T09:41:00-04:00,2021-09-30T09:41:00-04:00,361.47,1.9297992857142992,dark_green_next_open,4224.0,27040.1576839352,26375.84656495823,-664.3111189769697,-2.456757563110079
2021-10-05T13:38:00-04:00,2021-10-05T13:39:00-04:00,358.935,-0.005766071428588149,2021-10-06T10:28:00-04:00,2021-10-06T10:28:00-04:00,357.24,2.1353274642857305,dark_green_next_open,1249.0,26375.84656495823,26246.04207951749,-129.80448544073806,-0.492133911687187
2021-10-08T15:07:00-04:00,2021-10-08T15:08:00-04:00,362.29,-0.005850428571438582,2021-10-11T09:52:00-04:00,2021-10-11T09:52:00-04:00,362.1401,1.5532606428571414,dark_green_next_open,4004.0,26246.04207951749,26229.93608572109,-16.10599379640189,-0.061365419393921705
2021-10-15T12:35:00-04:00,2021-10-15T12:36:00-04:00,367.67,-0.01675110714281558,2021-10-26T09:43:00-04:00,2021-10-26T09:43:00-04:00,381.2,2.4877181071428587,dark_green_next_open,15667.0,26229.93608572109,27189.740978341284,959.8048926201955,3.659196459661551
2021-10-26T14:15:00-04:00,2021-10-26T14:16:00-04:00,379.37,-0.008662035714276532,2021-11-05T09:42:00-04:00,2021-11-05T09:42:00-04:00,400.52,1.7582673571428815,dark_green_next_open,14126.0,27189.740978341284,28699.837276044083,1510.0962977027993,5.553919395207574
2021-11-08T10:31:00-05:00,2021-11-08T10:32:00-05:00,398.7,-0.008470857142865329,2021-11-11T09:37:00-05:00,2021-11-11T09:37:00-05:00,392.01,1.7451835714285613,dark_green_next_open,4265.0,28699.837276044083,28212.624306320264,-487.2129697238197,-1.6976157914682655
2021-11-15T10:48:00-05:00,2021-11-15T10:49:00-05:00,394.14,-0.018124607142876142,2021-11-22T09:43:00-05:00,2021-11-22T09:43:00-05:00,406.89,1.997288214285709,dark_green_next_open,10014.0,28212.624306320264,29119.447522767518,906.8232164472538,3.214246241687291
2021-11-30T14:19:00-05:00,2021-11-30T14:20:00-05:00,395.15,-0.01722021428571785,2021-12-01T09:40:00-05:00,2021-12-01T09:40:00-05:00,397.07,2.6451087857142523,dark_green_next_open,1160.0,29119.447522767518,29255.084821677297,135.63729890977993,0.465796264862961
2021-12-01T11:53:00-05:00,2021-12-01T11:54:00-05:00,399.47,-0.014128607142863181,2021-12-02T09:51:00-05:00,2021-12-02T09:51:00-05:00,388.68,2.071392857142852,dark_green_next_open,1317.0,29255.084821677297,28459.189482590486,-795.8953390868119,-2.7205367680119386
2021-12-09T12:21:00-05:00,2021-12-09T12:22:00-05:00,396.92,-0.009992285714253896,2021-12-10T09:42:00-05:00,2021-12-10T09:42:00-05:00,396.7601,2.0112587857142956,dark_green_next_open,1280.0,28459.189482590486,28442.035666293912,-17.153816296573495,-0.06027513997567402
2021-12-15T13:26:00-05:00,2021-12-15T13:27:00-05:00,385.38,-0.019440357142863296,2021-12-15T14:16:00-05:00,2021-12-15T14:16:00-05:00,389.31,2.872620642857115,dark_green_next_open,49.0,28442.035666293912,28726.3339376643,284.29827137038956,0.9995707575435775
2021-12-22T11:33:00-05:00,2021-12-22T11:34:00-05:00,392.86,-0.007966142857117109,2021-12-27T09:45:00-05:00,2021-12-27T09:45:00-05:00,400.39,1.9078816785714474,dark_green_next_open,7091.0,28726.3339376643,29271.08060872597,544.7466710616682,1.8963320284577811
2021-12-27T13:46:00-05:00,2021-12-27T13:47:00-05:00,402.86,-0.018935214285731444,2022-01-03T09:42:00-05:00,2022-01-03T09:42:00-05:00,400.79,2.3564039285714573,dark_green_next_open,9835.0,29271.08060872597,29114.854590923682,-156.22601780228797,-0.5337213883238601
2022-01-03T14:28:00-05:00,2022-01-03T14:29:00-05:00,401.14,-0.01402007142855674,2022-01-06T09:48:00-05:00,2022-01-06T09:48:00-05:00,385.13,1.6239098214285577,dark_green_next_open,4039.0,29114.854590923682,27947.254255497763,-1167.6003354259192,-4.010325147871107
2022-01-10T12:40:00-05:00,2022-01-10T12:41:00-05:00,370.86,-0.011814857142855018,2022-01-11T10:09:00-05:00,2022-01-11T10:09:00-05:00,380.77,1.6609028571428417,dark_green_next_open,1288.0,27947.254255497763,28688.31343491762,741.059179419859,2.6516350144632828
2022-01-11T14:03:00-05:00,2022-01-11T14:04:00-05:00,385.07,-0.019204249999981868,2022-01-12T09:41:00-05:00,2022-01-12T09:41:00-05:00,388.28,2.2868160357142613,dark_green_next_open,1177.0,28688.31343491762,28921.678509365578,233.36507444795643,0.8134499610002122
2022-01-18T14:19:00-05:00,2022-01-18T14:20:00-05:00,372.6301,-0.013997964285705045,2022-01-19T09:43:00-05:00,2022-01-19T09:43:00-05:00,372.57,1.7955982857142747,dark_green_next_open,1163.0,28921.678509365578,28911.231024459194,-10.447484906384489,-0.03612336989017306
2022-01-31T13:59:00-05:00,2022-01-31T14:00:00-05:00,360.24,-0.01146471428570034,2022-01-31T15:38:00-05:00,2022-01-31T15:38:00-05:00,361.31,1.5526246428571548,dark_green_next_open,98.0,28911.231024459194,28991.30553788727,80.0745134280769,0.27696680698352516
2022-02-14T12:29:00-05:00,2022-02-14T12:30:00-05:00,350.42,-0.016871035714313254,2022-02-15T09:41:00-05:00,2022-02-15T09:41:00-05:00,353.07,4.245724071428566,dark_green_next_open,1271.0,28991.30553788727,29204.706520493528,213.40098260625746,0.7360861425415033
2022-02-17T15:29:00-05:00,2022-02-17T15:30:00-05:00,346.22,-0.00036389285713511743,2022-02-18T10:01:00-05:00,2022-02-18T10:01:00-05:00,345.5,1.3340340000000068,dark_green_next_open,1111.0,29204.706520493528,29138.1441262616,-66.56239423192892,-0.2279166687917944
2022-02-22T12:41:00-05:00,2022-02-22T12:42:00-05:00,337.785,-0.0071948928571129445,2022-02-22T15:06:00-05:00,2022-02-22T15:06:00-05:00,341.07,2.4922776071428245,dark_green_next_open,144.0,29138.1441262616,29415.632389015725,277.4882627541265,0.9523196177207094
2022-02-24T15:02:00-05:00,2022-02-24T15:03:00-05:00,336.8,-0.013856285714286765,2022-02-24T15:43:00-05:00,2022-02-24T15:43:00-05:00,339.34,1.5249882142856983,dark_green_next_open,40.0,29415.632389015725,29631.545470212794,215.9130811970681,0.7340079531239052
2022-03-01T13:56:00-05:00,2022-03-01T13:57:00-05:00,341.74,-0.014732750000013894,2022-03-02T09:36:00-05:00,2022-03-02T09:36:00-05:00,341.95,2.038798321428567,dark_green_next_open,1179.0,29631.545470212794,29643.824763780747,12.279293567953573,0.04143993630132403
2022-03-02T11:31:00-05:00,2022-03-02T11:32:00-05:00,346.65,-0.010002964285706017,2022-03-04T12:21:00-05:00,2022-03-04T12:21:00-05:00,338.01,1.5561513571428598,dark_green_next_open,2929.0,29643.824763780747,28899.19350048174,-744.6312632990084,-2.511927085093313
2022-03-08T12:34:00-05:00,2022-03-08T12:35:00-05:00,330.64,-0.01818325000000165,2022-03-08T12:48:00-05:00,2022-03-08T12:48:00-05:00,331.61,1.536951000000017,dark_green_next_open,13.0,28899.19350048174,28978.178974199967,78.9854737182286,0.2733137646796724
2022-03-15T13:53:00-04:00,2022-03-15T13:54:00-04:00,324.75,-0.0008415357142780577,2022-03-16T09:45:00-04:00,2022-03-16T09:45:00-04:00,334.29,3.565879178571452,dark_green_next_open,1191.0,28978.178974199967,29823.48951476024,845.3105405602728,2.9170588714800605
2022-03-18T13:07:00-04:00,2022-03-18T13:08:00-04:00,348.82,-0.016171607142877062,2022-03-22T09:40:00-04:00,2022-03-22T09:40:00-04:00,352.87,2.403322750000004,dark_green_next_open,5552.0,29823.48951476024,30163.723962443906,340.2344476836661,1.1408270903888518
2022-03-23T11:41:00-04:00,2022-03-23T11:42:00-04:00,356.49,-0.01243803571427804,2022-03-28T09:44:00-04:00,2022-03-28T09:44:00-04:00,361.89,1.9398701785714203,dark_green_next_open,7082.0,30163.723962443906,30614.511186998356,450.7872245544495,1.4944680740206717
2022-03-28T15:47:00-04:00,2022-03-28T15:48:00-04:00,364.4108,-0.009575392857171239,2022-03-29T09:40:00-04:00,2022-03-29T09:40:00-04:00,369.2,3.8530346428571502,dark_green_next_open,1072.0,30614.511186998356,31010.65385759339,396.14267059503254,1.293970261930144
2022-03-29T15:46:00-04:00,2022-03-29T15:47:00-04:00,371.7306,-0.0015323928571603918,2022-04-04T09:34:00-04:00,2022-04-04T09:34:00-04:00,362.7,2.1120387142857107,dark_green_next_open,8267.0,31010.65385759339,30251.24879750842,-759.4050600849696,-2.448852138275759
2022-04-04T10:49:00-04:00,2022-04-04T10:50:00-04:00,366.5,-0.006891214285695113,2022-04-06T14:38:00-04:00,2022-04-06T14:38:00-04:00,353.07,2.0370151428571064,dark_green_next_open,3108.0,30251.24879750842,29136.89622059623,-1114.352576912188,-3.683658100765641
2022-04-08T10:23:00-04:00,2022-04-08T10:24:00-04:00,350.1957,-0.008883428571429652,2022-04-08T11:06:00-04:00,2022-04-08T11:06:00-04:00,352.66,1.6124169285714132,dark_green_next_open,42.0,29136.89622059623,29336.06250184981,199.16628125357965,0.683553525213143
2022-04-08T14:07:00-04:00,2022-04-08T14:08:00-04:00,350.62,-0.005269964285699702,2022-04-12T09:41:00-04:00,2022-04-12T09:41:00-04:00,343.92,2.147049750000014,dark_green_next_open,5493.0,29336.06250184981,28769.724960578562,-566.3375412712485,-1.930516548482053
2022-04-12T15:36:00-04:00,2022-04-12T15:37:00-04:00,339.0,-0.004236249999982939,2022-04-13T09:52:00-04:00,2022-04-13T09:52:00-04:00,342.09,1.554056535714284,dark_green_next_open,1095.0,28769.724960578562,29026.156464716776,256.4315041382142,0.8913241419220563
2022-04-25T12:45:00-04:00,2022-04-25T12:46:00-04:00,325.59,-0.014801857142886565,2022-04-25T15:28:00-04:00,2022-04-25T15:28:00-04:00,327.38,1.7342085357142967,dark_green_next_open,162.0,29026.156464716776,29179.89734583665,153.74088111987294,0.5296632411761371
2022-04-27T15:55:00-04:00,2022-04-27T15:56:00-04:00,317.21,-0.0010163571428668527,2022-04-28T09:40:00-04:00,2022-04-28T09:40:00-04:00,321.02,3.1234161071428295,dark_green_next_open,1064.0,29179.89734583665,29524.47075173913,344.57340590247986,1.180858869442325
2022-05-04T12:13:00-04:00,2022-05-04T12:14:00-04:00,316.09,-0.005894250000002432,2022-05-04T14:58:00-04:00,2022-05-04T14:58:00-04:00,324.7585,4.682197428571441,dark_green_next_open,164.0,29524.47075173913,30328.08808190398,803.6173301648523,2.7218687065457825
2022-05-24T12:08:00-04:00,2022-05-24T12:09:00-04:00,286.3036,-0.003801357142861228,2022-05-25T14:28:00-04:00,2022-05-25T14:28:00-04:00,291.2,1.6538497499999834,dark_green_next_open,1579.0,30328.08808190398,30840.594104348223,512.5060224442423,1.689872507162904
2022-05-27T14:12:00-04:00,2022-05-27T14:13:00-04:00,306.87,-0.007772928571433468,2022-06-01T09:40:00-04:00,2022-06-01T09:40:00-04:00,311.29,1.9724729642857208,dark_green_next_open,6927.0,30840.594104348223,31278.550060361005,437.9559560127818,1.4200632923314416
2022-06-06T15:41:00-04:00,2022-06-06T15:42:00-04:00,306.7,-0.0027644642857231616,2022-06-07T10:41:00-04:00,2022-06-07T10:41:00-04:00,308.58,1.8422861428571449,dark_green_next_open,1139.0,31278.550060361005,31463.986904630165,185.43684426915934,0.5928562670306281
2022-06-07T14:01:00-04:00,2022-06-07T14:02:00-04:00,308.53,-0.003222928571434684,2022-06-09T10:01:00-04:00,2022-06-09T10:01:00-04:00,307.7,1.8421792500000054,dark_green_next_open,2639.0,31463.986904630165,31373.0680012012,-90.91890342896295,-0.2889618016449935
2022-06-16T13:07:00-04:00,2022-06-16T13:08:00-04:00,272.9468,-0.017792642857158703,2022-06-17T09:39:00-04:00,2022-06-17T09:39:00-04:00,273.97,2.566703892857164,dark_green_next_open,1231.0,31373.0680012012,31484.379213419747,111.31121221854482,0.354798619676866
2022-06-23T15:26:00-04:00,2022-06-23T15:27:00-04:00,283.8601,-0.006135964285693574,2022-06-24T09:45:00-04:00,2022-06-24T09:45:00-04:00,290.42,3.1348284999999905,dark_green_next_open,1098.0,31484.379213419747,32205.529608897883,721.1503954781365,2.290502190275867
2022-06-24T11:56:00-04:00,2022-06-24T11:57:00-04:00,291.4,-0.008732500000008622,2022-06-28T09:42:00-04:00,2022-06-28T09:42:00-04:00,295.1,2.39005871428571,dark_green_next_open,5625.0,32205.529608897883,32607.93139082457,402.4017819266883,1.249480405425496
2022-07-11T12:04:00-04:00,2022-07-11T12:05:00-04:00,289.53,-0.008568392857146001,2022-07-12T09:43:00-04:00,2022-07-12T09:43:00-04:00,291.51,2.0152192857142794,dark_green_next_open,1298.0,32607.93139082457,32824.36073020093,216.4293393763619,0.6637321968766763
2022-07-19T12:54:00-04:00,2022-07-19T12:55:00-04:00,296.355,-0.0037459642857072817,2022-07-27T09:43:00-04:00,2022-07-27T09:43:00-04:00,300.27,3.80989167857143,dark_green_next_open,11328.0,32824.36073020093,33251.33626698334,426.97553678240365,1.3007885828818289
2022-07-29T12:38:00-04:00,2022-07-29T12:39:00-04:00,312.97,-0.004610821428551459,2022-08-01T09:56:00-04:00,2022-08-01T09:56:00-04:00,316.0801,1.78774482142857,dark_green_next_open,4157.0,33251.33626698334,33575.05155588055,323.7152888972123,0.9735406911109301
2022-08-01T14:34:00-04:00,2022-08-01T14:35:00-04:00,315.11,-0.005468357142852431,2022-08-03T09:43:00-04:00,2022-08-03T09:43:00-04:00,317.95,2.4843164285714154,dark_green_next_open,2588.0,33575.05155588055,33870.87943304302,295.8278771624682,0.8810943347923317
2022-08-04T09:41:00-04:00,2022-08-04T09:42:00-04:00,323.495,-0.00354789285714871,2022-08-05T10:18:00-04:00,2022-08-05T10:18:00-04:00,323.18,1.5102590357143004,dark_green_next_open,1476.0,33870.87943304302,33831.13110222332,-39.748330819697,-0.11735252076425784
2022-08-05T15:29:00-04:00,2022-08-05T15:30:00-04:00,320.87,-0.008174857142864755,2022-08-08T09:46:00-04:00,2022-08-08T09:46:00-04:00,325.17,1.9577163214285704,dark_green_next_open,3976.0,33831.13110222332,34277.64810273705,446.5170005137261,1.3198405905038735
2022-08-08T12:41:00-04:00,2022-08-08T12:42:00-04:00,320.85,-0.0016661785714119914,2022-08-10T09:40:00-04:00,2022-08-10T09:40:00-04:00,322.99,4.045954571428541,dark_green_next_open,2698.0,34277.64810273705,34499.37202616646,221.7239234294102,0.6468469562580736
2022-08-10T14:32:00-04:00,2022-08-10T14:33:00-04:00,325.04,-0.018486928571443906,2022-08-12T09:46:00-04:00,2022-08-12T09:46:00-04:00,326.75,1.4213337500000103,dark_green_next_open,2593.0,34499.37202616646,34673.933980491114,174.56195432465756,0.5059858892279445
2022-08-16T12:22:00-04:00,2022-08-16T12:23:00-04:00,332.65,-0.00406132142857131,2022-08-31T09:43:00-04:00,2022-08-31T09:43:00-04:00,302.97,1.4460693214285625,dark_green_next_open,21440.0,34673.933980491114,31573.90938162035,-3100.0245988707647,-8.940504416415385
2022-09-12T13:28:00-04:00,2022-09-12T13:29:00-04:00,310.45,-0.0008198571428425505,2022-09-14T10:48:00-04:00,2022-09-14T10:48:00-04:00,295.395,1.5356705000000015,dark_green_next_open,2719.0,31573.90938162035,30036.752434557042,-1537.1569470633076,-4.868440358412219
2022-09-14T11:06:00-04:00,2022-09-14T11:07:00-04:00,296.59,-0.002216071428586708,2022-09-21T14:39:00-04:00,2022-09-21T14:39:00-04:00,289.3,1.7810466428571374,dark_green_next_open,10292.0,30036.752434557042,29292.608404183426,-744.1440303736163,-2.47744503003422
2022-09-22T11:16:00-04:00,2022-09-22T11:17:00-04:00,279.48,-0.007196285714273443,2022-09-26T09:42:00-04:00,2022-09-26T09:42:00-04:00,277.1,1.538427964285687,dark_green_next_open,5665.0,29292.608404183426,29037.349916863,-255.25848732042505,-0.8714092094440073
2022-10-03T10:23:00-04:00,2022-10-03T10:24:00-04:00,270.8314,-0.012259857142860264,2022-10-04T09:42:00-04:00,2022-10-04T09:42:00-04:00,280.12,4.6323839642857045,dark_green_next_open,1398.0,29037.349916863,30027.22665423029,989.876737367289,3.4089775416882517
2022-10-07T13:05:00-04:00,2022-10-07T13:06:00-04:00,269.82,-0.016449821428579953,2022-10-13T10:01:00-04:00,2022-10-13T10:01:00-04:00,257.54,2.0926159285714325,dark_green_next_open,8455.0,30027.22665423029,28654.901285259577,-1372.3253689707126,-4.570270124421816
2022-10-24T14:02:00-04:00,2022-10-24T14:03:00-04:00,276.9499,-0.008703035714283436,2022-10-27T10:19:00-04:00,2022-10-27T10:19:00-04:00,276.84,2.2474051785714444,dark_green_next_open,4096.0,28654.901285259577,28637.80223743533,-17.099047824245645,-0.059672331982663085
2022-11-03T13:46:00-04:00,2022-11-03T13:47:00-04:00,262.33,-0.013016250000003171,2022-11-04T10:08:00-04:00,2022-11-04T10:08:00-04:00,262.9195,1.7207577500000077,dark_green_next_open,1221.0,28637.80223743533,28696.416378645154,58.614141209822264,0.2046740204567854
2022-11-04T13:11:00-04:00,2022-11-04T13:12:00-04:00,260.56,-0.007424678571413046,2022-11-08T14:51:00-05:00,2022-11-08T14:51:00-05:00,267.89,1.5673026428571242,dark_green_next_open,5919.0,28696.416378645154,29497.7956739822,801.3792953370466,2.7926110520664293
2022-11-10T14:33:00-05:00,2022-11-10T14:34:00-05:00,279.57,-0.015987428571451443,2022-11-11T10:25:00-05:00,2022-11-11T10:25:00-05:00,285.33,1.4782797857142966,dark_green_next_open,1191.0,29497.7956739822,30099.520287458236,601.7246134760353,2.039896879504033
2022-11-16T13:30:00-05:00,2022-11-16T13:31:00-05:00,286.77,-0.009755107142832953,2022-11-30T13:44:00-05:00,2022-11-30T13:44:00-05:00,284.3,1.9445033928571245,dark_green_next_open,20173.0,30099.520287458236,29834.3004154186,-265.21987203963727,-0.8811431860266117
2022-12-05T15:47:00-05:00,2022-12-05T15:48:00-05:00,286.99,-0.0007558928571118617,2022-12-08T10:05:00-05:00,2022-12-08T10:05:00-05:00,283.06,1.7536219285714365,dark_green_next_open,3977.0,29834.3004154186,29419.869211660072,-414.43120375852595,-1.3891098433276627
2022-12-14T11:02:00-05:00,2022-12-14T11:03:00-05:00,290.61,-0.00957639285713377,2022-12-14T15:16:00-05:00,2022-12-14T15:16:00-05:00,288.66,2.051870928571437,dark_green_next_open,253.0,29419.869211660072,29216.617282881783,-203.25192877828886,-0.6908661874599153
2022-12-15T13:32:00-05:00,2022-12-15T13:33:00-05:00,276.13,-0.005489750000007898,2022-12-20T10:08:00-05:00,2022-12-20T10:08:00-05:00,269.69,1.7372336785714393,dark_green_next_open,6995.0,29216.617282881783,28529.51068949487,-687.106593386914,-2.3517664168106633
2022-12-23T14:51:00-05:00,2022-12-23T14:52:00-05:00,267.05,-0.005478357142851553,2022-12-29T09:45:00-05:00,2022-12-29T09:45:00-05:00,264.53,2.7247244642856923,dark_green_next_open,8333.0,28529.51068949487,28254.642319126287,-274.86837036858196,-0.9634528028193423
2022-12-30T12:15:00-05:00,2022-12-30T12:16:00-05:00,264.47,-0.012002607142845317,2023-01-03T09:44:00-05:00,2023-01-03T09:44:00-05:00,269.865,2.097172392857143,dark_green_next_open,5608.0,28254.642319126287,28825.25131063885,570.6089915125631,2.0195229692442584
2023-01-04T10:35:00-05:00,2023-01-04T10:36:00-05:00,263.57,-0.002262357142864546,2023-01-09T09:43:00-05:00,2023-01-09T09:43:00-05:00,271.1392,1.5436844285714202,dark_green_next_open,7147.0,28825.25131063885,29647.12450334643,821.8731927075787,2.851226460614553
2023-01-11T14:37:00-05:00,2023-01-11T14:38:00-05:00,276.21,-0.0049939285714247494,2023-01-12T10:17:00-05:00,2023-01-12T10:17:00-05:00,278.075,2.068843535714271,dark_green_next_open,1179.0,29647.12450334643,29841.336252506433,194.21174916000382,0.655077861389497
2023-01-12T12:47:00-05:00,2023-01-12T12:48:00-05:00,279.4101,-0.014864321428545435,2023-01-23T09:55:00-05:00,2023-01-23T09:55:00-05:00,286.01,1.575837107142853,dark_green_next_open,15667.0,29841.336252506433,30540.104914405,698.7686618985681,2.341613177056967
2023-01-25T13:41:00-05:00,2023-01-25T13:42:00-05:00,286.21,-0.0037567500000542653,2023-01-26T09:41:00-05:00,2023-01-26T09:41:00-05:00,291.75,3.3346639285714077,dark_green_next_open,1199.0,30540.104914405,31125.02628084133,584.9213664363306,1.9152565718935533
2023-01-26T11:34:00-05:00,2023-01-26T11:35:00-05:00,289.635,-0.01935196428569272,2023-02-01T14:53:00-05:00,2023-02-01T14:53:00-05:00,300.12,4.12021071428573,dark_green_next_open,8838.0,31125.02628084133,32245.32541175893,1120.2991309175995,3.599351598321987
2023-02-07T10:38:00-05:00,2023-02-07T10:39:00-05:00,303.7411,-0.0014746428571535963,2023-02-07T12:59:00-05:00,2023-02-07T12:59:00-05:00,309.43,2.7007425000000196,dark_green_next_open,140.0,32245.32541175893,32842.69302865369,597.3676168947568,1.8525712154138008
2023-02-09T09:57:00-05:00,2023-02-09T09:58:00-05:00,307.92,-0.015861142857145794,2023-02-10T10:24:00-05:00,2023-02-10T10:24:00-05:00,301.06,1.4747226071428445,dark_green_next_open,1466.0,32842.69302865369,32104.58507633959,-738.1079523140979,-2.247403864445996
2023-02-14T12:31:00-05:00,2023-02-14T12:32:00-05:00,303.78,-0.016760821428575157,2023-02-23T09:39:00-05:00,2023-02-23T09:39:00-05:00,296.855,2.4858107499999917,dark_green_next_open,12787.0,32104.58507633959,31366.451748322128,-738.1333280174622,-2.2991523679944725
2023-03-01T14:21:00-05:00,2023-03-01T14:22:00-05:00,291.12,-0.010932249999997035,2023-03-10T10:09:00-05:00,2023-03-10T10:09:00-05:00,291.46,1.6030932142857182,dark_green_next_open,12707.0,31366.451748322128,31396.80474094426,30.35299262213084,0.09676897108310545
2023-03-21T15:36:00-04:00,2023-03-21T15:37:00-04:00,309.99,-0.012196214285688706,2023-03-22T14:54:00-04:00,2023-03-22T14:54:00-04:00,313.69,1.9127380714285966,dark_green_next_open,1397.0,31396.80474094426,31765.19921096985,368.39447002559245,1.1733501961910475
2023-03-29T13:59:00-04:00,2023-03-29T14:00:00-04:00,311.34,-0.0015882500000381494,2023-04-13T09:43:00-04:00,2023-04-13T09:43:00-04:00,315.47,1.900556892857137,dark_green_next_open,21343.0,31765.19921096985,32180.13554957587,414.93633860601767,1.3062607788171032
2023-04-14T12:33:00-04:00,2023-04-14T12:34:00-04:00,316.74,-0.010588892857134602,2023-04-26T09:41:00-04:00,2023-04-26T09:41:00-04:00,312.53,1.6898373214285807,dark_green_next_open,17107.0,32180.13554957587,31746.05832190859,-434.07722766727966,-1.3488980709809417
2023-04-26T15:26:00-04:00,2023-04-26T15:27:00-04:00,311.93,-0.005071071428570155,2023-04-27T09:42:00-04:00,2023-04-27T09:42:00-04:00,315.58,2.5546617857142757,dark_green_next_open,1095.0,31746.05832190859,32111.106983487494,365.048661578905,1.1499023213441761
2023-04-27T12:32:00-04:00,2023-04-27T12:33:00-04:00,318.62,-0.016312821428587254,2023-05-05T09:42:00-04:00,2023-05-05T09:42:00-04:00,318.9,1.9497035714285722,dark_green_next_open,11349.0,32111.106983487494,32132.89867370195,21.79169021445705,0.0678634038548287
2023-05-05T11:10:00-04:00,2023-05-05T11:11:00-04:00,321.29,-0.013207535714280183,2023-05-10T09:40:00-04:00,2023-05-10T09:40:00-04:00,324.44,2.042565142857141,dark_green_next_open,7109.0,32132.89867370195,32441.44795869721,308.54928499525704,0.9602286059793963
2023-05-10T12:50:00-04:00,2023-05-10T12:51:00-04:00,323.87,-0.014229357142839447,2023-05-25T09:41:00-04:00,2023-05-25T09:41:00-04:00,337.6,3.668312392857153,dark_green_next_open,21410.0,32441.44795869721,33809.99352614556,1368.5455674483528,4.218509510397661
2023-05-25T12:48:00-04:00,2023-05-25T12:49:00-04:00,339.875,-0.001657821428585754,2023-05-26T09:46:00-04:00,2023-05-26T09:46:00-04:00,342.34,1.5719067857143025,dark_green_next_open,1257.0,33809.99352614556,34048.39577071287,238.40224456731085,0.7051236031232921
2023-05-26T13:02:00-04:00,2023-05-26T13:03:00-04:00,348.31,-0.004225571428571551,2023-05-30T09:43:00-04:00,2023-05-30T09:43:00-04:00,353.215,2.9687154642856974,dark_green_next_open,5560.0,34048.39577071287,34520.970031965626,472.5742612527538,1.3879486846755995
2023-05-30T10:45:00-04:00,2023-05-30T10:46:00-04:00,350.85,-0.011392178571440259,2023-06-02T09:43:00-04:00,2023-06-02T09:43:00-04:00,355.72,2.451898964285693,dark_green_next_open,4257.0,34520.970031965626,34993.14164301066,472.1716110450361,1.3677819905055344
2023-06-02T15:13:00-04:00,2023-06-02T15:14:00-04:00,354.86,-0.003793678571407458,2023-06-09T09:45:00-04:00,2023-06-09T09:45:00-04:00,356.06,1.7760611428571376,dark_green_next_open,9751.0,34993.14164301066,35104.45339281953,111.31174980886863,0.3180959027469843
2023-06-09T13:24:00-04:00,2023-06-09T13:25:00-04:00,354.85,-0.0008246785714253746,2023-06-13T09:41:00-04:00,2023-06-13T09:41:00-04:00,363.1,2.1675226785714568,dark_green_next_open,5536.0,35104.45339281953,35913.422562858774,808.9691700392432,2.3044630861698945
2023-06-14T13:48:00-04:00,2023-06-14T13:49:00-04:00,364.22,-0.014435499999958013,2023-06-14T14:47:00-04:00,2023-06-14T14:47:00-04:00,364.09,1.4650712142857092,dark_green_next_open,58.0,35913.422562858774,35893.42468506748,-19.997877791291103,-0.05568357556645642
2023-06-15T11:05:00-04:00,2023-06-15T11:06:00-04:00,367.67,-0.003287357142854108,2023-06-30T09:42:00-04:00,2023-06-30T09:42:00-04:00,368.1,3.076992000000026,dark_green_next_open,21516.0,35893.42468506748,35928.21665316451,34.791968097029894,0.09693131374979291
2023-06-30T13:10:00-04:00,2023-06-30T13:11:00-04:00,369.97,-0.009118000000000015,2023-07-12T09:41:00-04:00,2023-07-12T09:41:00-04:00,372.16,2.7011207142857376,dark_green_next_open,17070.0,35928.21665316451,36133.662642954674,205.44598979016155,0.5718235106781044
2023-07-13T10:22:00-04:00,2023-07-13T10:23:00-04:00,376.47,-0.015618821428559443,2023-07-26T14:47:00-04:00,2023-07-26T14:47:00-04:00,378.27,1.5674633214285636,dark_green_next_open,18984.0,36133.662642954674,36299.16642806903,165.50378511435702,0.4580321312836144
2023-07-28T15:07:00-04:00,2023-07-28T15:08:00-04:00,384.06,-0.01311435714286191,2023-08-04T09:41:00-04:00,2023-08-04T09:41:00-04:00,376.85,1.9024367142857135,dark_green_next_open,9753.0,36299.16642806903,35610.59541166378,-688.5710164052507,-1.896933412423485
2023-08-08T10:50:00-04:00,2023-08-08T10:51:00-04:00,370.0415,-0.008659928571415773,2023-08-10T09:43:00-04:00,2023-08-10T09:43:00-04:00,371.81,2.7486841071428594,dark_green_next_open,2812.0,35610.59541166378,35773.629902850735,163.03449118695426,0.45782579398701007
2023-08-14T15:12:00-04:00,2023-08-14T15:13:00-04:00,369.21,-0.004040071428566494,2023-08-21T09:45:00-04:00,2023-08-21T09:45:00-04:00,361.19,2.1192486071428513,dark_green_next_open,9752.0,35773.629902850735,34989.55452866781,-784.0753741829249,-2.1917691224295988
2023-08-28T09:30:00-04:00,2023-08-28T09:31:00-04:00,366.2,-0.0014171428571541633,2023-08-28T09:40:00-04:00,2023-08-28T09:40:00-04:00,366.29,1.6803055714285766,dark_green_next_open,9.0,34989.55452866781,34991.1548875503,1.6003588824896724,0.004573818969832999
2023-08-30T09:42:00-04:00,2023-08-30T09:43:00-04:00,374.9,-0.015392392857150335,2023-09-11T09:39:00-04:00,2023-09-11T09:39:00-04:00,375.07,2.202272107142833,dark_green_next_open,17276.0,34991.1548875503,35000.02107131812,8.866183767822804,0.025338357068571682
2023-09-12T14:25:00-04:00,2023-09-12T14:26:00-04:00,373.8425,-0.01661357142858637,2023-09-27T14:41:00-04:00,2023-09-27T14:41:00-04:00,354.63,1.5790328214285774,dark_green_next_open,21615.0,35000.02107131812,33194.661680369056,-1805.3593909490664,-5.158166583015367
2023-10-03T12:37:00-04:00,2023-10-03T12:38:00-04:00,355.96,-0.00589325000001395,2023-10-04T09:41:00-04:00,2023-10-04T09:41:00-04:00,357.095,1.8383905714285658,dark_green_next_open,1263.0,33194.661680369056,33293.84543279607,99.18375242701586,0.29879428620798176
2023-10-10T12:38:00-04:00,2023-10-10T12:39:00-04:00,370.71,-0.01718246428571319,2023-10-11T09:42:00-04:00,2023-10-11T09:42:00-04:00,370.76,1.6208742142857373,dark_green_next_open,1263.0,33293.84543279607,33291.67698279727,-2.1684499988041352,-0.0065130656150325095
2023-10-12T10:27:00-04:00,2023-10-12T10:28:00-04:00,373.28,-0.008868285714270563,2023-10-16T09:41:00-04:00,2023-10-16T09:41:00-04:00,367.88,2.0439698214285666,dark_green_next_open,5713.0,33291.67698279727,32803.50649627123,-488.1704865260399,-1.4663439356878638
2023-10-16T12:16:00-04:00,2023-10-16T12:17:00-04:00,368.95,-0.0168286071428424,2023-10-17T10:17:00-04:00,2023-10-17T10:17:00-04:00,366.29,1.468201571428561,dark_green_next_open,1320.0,32803.50649627123,32560.49197866427,-243.01451760695636,-0.7408187220307672
2023-10-17T11:59:00-04:00,2023-10-17T12:00:00-04:00,369.04,-0.019764785714274258,2023-10-19T09:37:00-04:00,2023-10-19T09:37:00-04:00,364.04,1.350407821428582,dark_green_next_open,2737.0,32560.49197866427,32112.91749581532,-447.57448284895145,-1.3745937350769455
2023-10-23T12:26:00-04:00,2023-10-23T12:27:00-04:00,357.43,-0.008625785714292511,2023-10-24T09:44:00-04:00,2023-10-24T09:44:00-04:00,358.32,1.7727372142857143,dark_green_next_open,1277.0,32112.91749581532,32186.440665562845,73.52316974752466,0.22895200897614654
2023-10-25T12:19:00-04:00,2023-10-25T12:20:00-04:00,352.56,-0.019133750000027483,2023-10-26T10:56:00-04:00,2023-10-26T10:56:00-04:00,347.66,1.5284203571428634,dark_green_next_open,1356.0,32186.440665562845,31732.755269950085,-453.68539561275975,-1.4095544155591222
2023-10-27T13:29:00-04:00,2023-10-27T13:30:00-04:00,345.21,-0.005632107142841902,2023-10-30T09:44:00-04:00,2023-10-30T09:44:00-04:00,349.27,2.7947257142857236,dark_green_next_open,4094.0,31732.755269950085,32099.542292786027,366.7870228359425,1.1558625140353884
2023-10-31T13:20:00-04:00,2023-10-31T13:21:00-04:00,349.65,-0.009507607142893448,2023-11-01T15:08:00-04:00,2023-11-01T15:08:00-04:00,355.97,1.8841566071428422,dark_green_next_open,1547.0,32099.542292786027,32673.213223668474,573.6709308824466,1.7871623391071623
2023-11-02T14:55:00-04:00,2023-11-02T14:56:00-04:00,363.44,-0.004411714285731713,2023-11-10T09:46:00-05:00,2023-11-10T09:46:00-05:00,372.88,1.7067888571428456,dark_green_next_open,11270.0,32673.213223668474,33515.16440934274,841.9511856742647,2.5768851686260197
2023-11-16T15:22:00-05:00,2023-11-16T15:23:00-05:00,385.36,-0.009408285714303175,2023-11-22T09:41:00-05:00,2023-11-22T09:41:00-05:00,392.35,2.9013437142856877,dark_green_next_open,8298.0,33515.16440934274,34116.268123369366,601.1037140266271,1.7935275706392195
2023-11-24T11:35:00-05:00,2023-11-24T11:36:00-05:00,389.275,-0.012575749999994695,2023-11-29T09:41:00-05:00,2023-11-29T09:41:00-05:00,393.72,2.6156168571428733,dark_green_next_open,7085.0,34116.268123369366,34498.92981243122,382.6616890618534,1.1216399392749876
2023-12-05T14:03:00-05:00,2023-12-05T14:04:00-05:00,386.23,-0.0011594642857224724,2023-12-07T09:42:00-05:00,2023-12-07T09:42:00-05:00,388.49,2.499910642857162,dark_green_next_open,2618.0,34498.92981243122,34693.858615347905,194.92880291668553,0.5650285500927277
2023-12-07T10:44:00-05:00,2023-12-07T10:45:00-05:00,389.595,-0.012295000000005274,2023-12-08T10:18:00-05:00,2023-12-08T10:18:00-05:00,392.27,1.4276986785714074,dark_green_next_open,1413.0,34693.858615347905,34925.084560168114,231.2259448202094,0.6664751458862472
2023-12-08T13:25:00-05:00,2023-12-08T13:26:00-05:00,391.51,-0.009392107142852962,2023-12-14T09:41:00-05:00,2023-12-14T09:41:00-05:00,405.48,1.7274503214285464,dark_green_next_open,8415.0,34925.084560168114,36164.06039692376,1238.9758367556497,3.5475242289569
2023-12-14T14:45:00-05:00,2023-12-14T14:46:00-05:00,402.65,-0.015115107142831374,2023-12-21T09:42:00-05:00,2023-12-21T09:42:00-05:00,406.73,2.1399535000000025,dark_green_next_open,9776.0,36164.06039692376,36523.200739437496,359.1403425137323,0.9930863364675746
2023-12-22T12:59:00-05:00,2023-12-22T13:00:00-05:00,409.13,-0.0036480714285638816,2024-01-08T09:43:00-05:00,2024-01-08T09:43:00-05:00,399.235,1.6595012499999968,dark_green_next_open,24283.0,36523.200739437496,35632.74282207985,-890.4579173576494,-2.4380610114385193
2024-01-08T14:26:00-05:00,2024-01-08T14:27:00-05:00,403.81,-0.006837499999992197,2024-01-11T09:40:00-05:00,2024-01-11T09:40:00-05:00,410.5001,1.953193607142851,dark_green_next_open,4033.0,35632.74282207985,36215.84243915542,583.0996170755752,1.636415192585905
2024-01-11T14:15:00-05:00,2024-01-11T14:16:00-05:00,408.83,-0.002801285714303159,2024-01-18T09:39:00-05:00,2024-01-18T09:39:00-05:00,411.02,2.87500714285716,dark_green_next_open,9803.0,36215.84243915542,36402.5604038567,186.71796470128174,0.5155698504459183
2024-01-19T14:27:00-05:00,2024-01-19T14:28:00-05:00,420.92,-0.018672857142859378,2024-01-22T09:39:00-05:00,2024-01-22T09:39:00-05:00,423.86,2.0449152142857168,dark_green_next_open,4031.0,36402.5604038567,36649.49074287056,246.93033901385934,0.6783323378201089
2024-01-25T14:45:00-05:00,2024-01-25T14:46:00-05:00,424.91,-0.003942321428560769,2024-01-31T14:48:00-05:00,2024-01-31T14:48:00-05:00,422.18,2.0371687857142686,dark_green_next_open,8642.0,36649.49074287056,36406.73972099369,-242.75102187687298,-0.6623585129190257
2024-02-02T12:06:00-05:00,2024-02-02T12:07:00-05:00,428.75,-0.011058607142878651,2024-02-07T09:39:00-05:00,2024-02-07T09:39:00-05:00,429.65,1.8559622499999855,dark_green_next_open,7052.0,36406.73972099369,36475.86612896221,69.12640796852065,0.18987255793372348
2024-02-07T09:50:00-05:00,2024-02-07T09:51:00-05:00,430.16,-0.0106525714285568,2024-02-13T10:35:00-05:00,2024-02-13T10:35:00-05:00,430.21,1.5385593928571113,dark_green_next_open,8684.0,36475.86612896221,36472.81063948677,-3.0554894754386623,-0.008376742760918265
2024-02-16T15:18:00-05:00,2024-02-16T15:19:00-05:00,431.36,-0.01668121428571434,2024-02-22T09:42:00-05:00,2024-02-22T09:42:00-05:00,434.395,6.004123000000019,dark_green_next_open,8303.0,36472.81063948677,36722.08404410412,249.27340461735002,0.6834499459920318
2024-02-26T10:41:00-05:00,2024-02-26T10:42:00-05:00,437.84,-0.011726678571404525,2024-02-29T09:41:00-05:00,2024-02-29T09:41:00-05:00,438.61,2.647713964285733,dark_green_next_open,4259.0,36722.08404410412,36779.308126322976,57.224082218854164,0.15583015972113756
2024-03-05T12:23:00-05:00,2024-03-05T12:24:00-05:00,436.68,-0.019970535714284254,2024-03-06T09:37:00-05:00,2024-03-06T09:37:00-05:00,439.56,3.1677410714285834,dark_green_next_open,1273.0,36779.308126322976,37014.472063690686,235.16393736770988,0.6393919552809768
2024-03-06T12:30:00-05:00,2024-03-06T12:31:00-05:00,441.695,-0.019658750000002112,2024-03-07T09:41:00-05:00,2024-03-07T09:41:00-05:00,442.69,2.8820856785714284,dark_green_next_open,1270.0,37014.472063690686,37090.43520581763,75.96314212694415,0.2052255182681817
2024-03-07T15:30:00-05:00,2024-03-07T15:31:00-05:00,445.45,-0.01920125000000164,2024-03-12T10:09:00-04:00,2024-03-12T10:09:00-04:00,440.08,1.8165422142857297,dark_green_next_open,6818.0,37090.43520581763,36635.973734546365,-454.4614712712646,-1.2252794251386478
2024-03-12T10:22:00-04:00,2024-03-12T10:23:00-04:00,440.14,-0.014162499999996081,2024-03-14T10:19:00-04:00,2024-03-14T10:19:00-04:00,439.52,1.4913432857142934,dark_green_next_open,2876.0,36635.973734546365,36577.050595686196,-58.923138860169274,-0.16083410062227577
2024-03-22T15:05:00-04:00,2024-03-22T15:06:00-04:00,446.61,-0.008478107142838115,2024-04-01T09:45:00-04:00,2024-04-01T09:45:00-04:00,447.09,1.983340535714303,dark_green_next_open,14079.0,36577.050595686196,36609.03972402575,31.989128339555464,0.08745682830788581
2024-04-01T12:34:00-04:00,2024-04-01T12:35:00-04:00,444.61,-0.00017117857142845416,2024-04-04T09:41:00-04:00,2024-04-04T09:41:00-04:00,446.26,3.0922632142857034,dark_green_next_open,4146.0,36609.03972402575,36737.55193077217,128.5122067464181,0.35103954573842966
2024-04-08T15:25:00-04:00,2024-04-08T15:26:00-04:00,440.75,-0.01204907142858766,2024-04-09T09:44:00-04:00,2024-04-09T09:44:00-04:00,443.0275,1.4578428928571598,dark_green_next_open,1098.0,36737.55193077217,36920.00218794085,182.45025716868258,0.49663150531229494
2024-04-23T15:17:00-04:00,2024-04-23T15:18:00-04:00,425.56,-0.0016538214285893305,2024-04-24T09:44:00-04:00,2024-04-24T09:44:00-04:00,429.16,2.6358650000000075,dark_green_next_open,1106.0,36920.00218794085,37224.8790727723,304.8768848314503,0.8257769955686278
2024-04-26T11:37:00-04:00,2024-04-26T11:38:00-04:00,431.01,-0.005665107142840464,2024-05-01T14:52:00-04:00,2024-05-01T14:52:00-04:00,428.22,2.709490785714316,dark_green_next_open,7394.0,37224.8790727723,36976.520145184855,-248.3589275874474,-0.6671853173839004
2024-05-02T15:20:00-04:00,2024-05-02T15:21:00-04:00,427.29,-0.001168107142835384,2024-05-03T09:42:00-04:00,2024-05-03T09:42:00-04:00,434.39,5.237087928571401,dark_green_next_open,1101.0,36976.520145184855,37583.4174938851,606.897348700244,1.6413046612210103
2024-05-03T15:44:00-04:00,2024-05-03T15:45:00-04:00,435.63,-0.01706910714286291,2024-05-10T09:44:00-04:00,2024-05-10T09:44:00-04:00,443.75,1.8525151785714185,dark_green_next_open,9719.0,37583.4174938851,38276.30401516978,692.8865212846795,1.8435963717174264
2024-05-10T15:13:00-04:00,2024-05-10T15:14:00-04:00,442.01,-0.010031142857186676,2024-05-15T09:38:00-04:00,2024-05-15T09:38:00-04:00,448.145,1.5374809285714126,dark_green_next_open,6864.0,38276.30401516978,38799.809821176146,523.5058060063675,1.367702079591826
2024-05-15T11:51:00-04:00,2024-05-15T11:52:00-04:00,450.57,-0.008110035714305144,2024-05-23T09:40:00-04:00,2024-05-23T09:40:00-04:00,459.64,3.6821266428571517,dark_green_next_open,11388.0,38799.809821176146,39572.93684428921,773.127023113062,1.9926051871808514
2024-05-28T15:23:00-04:00,2024-05-28T15:24:00-04:00,458.2001,-0.013710321428578642,2024-05-31T15:58:00-04:00,2024-05-31T15:58:00-04:00,450.86,1.816759499999996,dark_green_next_open,4354.0,39572.93684428921,38931.21431347683,-641.7225308123816,-1.6216196774513358
2024-06-05T09:59:00-04:00,2024-06-05T10:00:00-04:00,458.21,-0.012225071428581646,2024-06-12T09:42:00-04:00,2024-06-12T09:42:00-04:00,473.37,3.9160681785714124,dark_green_next_open,10062.0,38931.21431347683,40211.220868874836,1280.0065553980094,3.287867018714885
2024-06-12T12:17:00-04:00,2024-06-12T12:18:00-04:00,474.62,-0.00448353571427447,2024-06-13T09:41:00-04:00,2024-06-13T09:41:00-04:00,478.14,2.608927678571435,dark_green_next_open,1283.0,40211.220868874836,40501.344680181995,290.1238113071595,0.72149963377941
2024-06-13T12:52:00-04:00,2024-06-13T12:53:00-04:00,475.47,-0.011384571428564971,2024-06-24T10:08:00-04:00,2024-06-24T10:08:00-04:00,479.44,1.5193089285714647,dark_green_next_open,15675.0,40501.344680181995,40831.348957554044,330.0042773720488,0.8147983233098177
2024-06-25T11:53:00-04:00,2024-06-25T11:54:00-04:00,478.82,-0.010991357142889263,2024-06-28T10:16:00-04:00,2024-06-28T10:16:00-04:00,486.835,1.4448420357142995,dark_green_next_open,4222.0,40831.348957554044,41506.52550294414,675.1765453900953,1.6535739392102178
2024-06-28T11:54:00-04:00,2024-06-28T11:55:00-04:00,483.36,-0.01977828571427348,2024-07-01T10:33:00-04:00,2024-07-01T10:33:00-04:00,479.01,1.5960514285714549,dark_green_next_open,4238.0,41506.52550294414,41124.7616075184,-381.7638954257418,-0.9197683756947184
2024-07-03T10:06:00-04:00,2024-07-03T10:07:00-04:00,487.71,-0.0199505357142869,2024-07-15T09:43:00-04:00,2024-07-15T09:43:00-04:00,497.755,1.9078458571428683,dark_green_next_open,17256.0,41124.7616075184,41963.3842081723,838.6226006539,2.0392157130476374
2024-07-22T11:46:00-04:00,2024-07-22T11:47:00-04:00,478.05,-0.007302678571409205,2024-07-25T10:32:00-04:00,2024-07-25T10:32:00-04:00,460.5096,2.9116101428571337,dark_green_next_open,4245.0,41963.3842081723,40415.59827329495,-1547.785934877349,-3.6884201884173073
2024-07-29T13:06:00-04:00,2024-07-29T13:07:00-04:00,466.41,-0.008980428571423504,2024-07-30T09:43:00-04:00,2024-07-30T09:43:00-04:00,465.821,1.4565589642857222,dark_green_next_open,1236.0,40415.59827329495,40356.48783875756,-59.110434537389665,-0.14625648774930777
2024-08-14T15:35:00-04:00,2024-08-14T15:36:00-04:00,461.49,-0.003894249999999544,2024-08-15T09:41:00-04:00,2024-08-15T09:41:00-04:00,469.18,4.287096964285728,dark_green_next_open,1085.0,40356.48783875756,41020.75982458278,664.271985825224,1.646010397335096
2024-08-16T13:43:00-04:00,2024-08-16T13:44:00-04:00,475.93,-0.01854600000000832,2024-08-21T10:48:00-04:00,2024-08-21T10:48:00-04:00,483.61,1.4945744642857275,dark_green_next_open,7024.0,41020.75982458278,41674.36901551919,653.609190936404,1.593361979961938
2024-08-23T10:26:00-04:00,2024-08-23T10:27:00-04:00,482.13,-0.0017129642856852367,2024-08-27T10:03:00-04:00,2024-08-27T10:03:00-04:00,474.41,1.6011593928571313,dark_green_next_open,5736.0,41674.36901551919,40998.866804693214,-675.5022108259727,-1.6209056712398473
2024-08-27T10:55:00-04:00,2024-08-27T10:56:00-04:00,476.9,-0.018741357142895265,2024-08-28T15:06:00-04:00,2024-08-28T15:06:00-04:00,471.85,1.8214180357142782,dark_green_next_open,1690.0,40998.866804693214,40556.60856699886,-442.25823769435374,-1.0787084428482974
2024-09-09T14:32:00-04:00,2024-09-09T14:33:00-04:00,452.42,-0.015830285714306613,2024-09-10T09:37:00-04:00,2024-09-10T09:37:00-04:00,455.8805,1.9799699999999816,dark_green_next_open,1144.0,40556.60856699886,40858.64808843933,302.0395214404707,0.7447356475616118
2024-09-20T10:44:00-04:00,2024-09-20T10:45:00-04:00,481.49,-0.017015214285739988,2024-09-24T11:01:00-04:00,2024-09-24T11:01:00-04:00,483.08,1.440116464285691,dark_green_next_open,5776.0,40858.64808843933,40985.37563426032,126.72754582099151,0.31016088820825516
2024-09-25T12:40:00-04:00,2024-09-25T12:41:00-04:00,486.26,-0.012897678571421711,2024-09-26T09:41:00-04:00,2024-09-26T09:41:00-04:00,491.46,3.7774520357143033,dark_green_next_open,1260.0,40985.37563426032,41415.38390467015,430.00827040982404,1.0491748916664045
2024-10-04T15:18:00-04:00,2024-10-04T15:19:00-04:00,486.06,-0.0025062499999713994,2024-10-08T09:39:00-04:00,2024-10-08T09:39:00-04:00,484.46,1.6335835714285838,dark_green_next_open,5420.0,41415.38390467015,41270.79880739213,-144.5850972780172,-0.34910963909164927
2024-10-08T15:15:00-04:00,2024-10-08T15:16:00-04:00,488.7,-0.008246642857140551,2024-10-14T09:42:00-04:00,2024-10-14T09:42:00-04:00,496.57,2.106866249999998,dark_green_next_open,8306.0,41270.79880739213,41927.035411315286,656.2366039231565,1.5900748783316931
2024-10-18T10:40:00-04:00,2024-10-18T10:41:00-04:00,494.7035,-0.01070378571430168,2024-10-24T09:42:00-04:00,2024-10-24T09:42:00-04:00,491.22,2.0057239642856937,dark_green_next_open,8581.0,41927.035411315286,41623.4768238877,-303.55858742758573,-0.7240163404104161
2024-10-29T13:53:00-04:00,2024-10-29T13:54:00-04:00,499.76,-0.007520892857127134,2024-10-30T10:06:00-04:00,2024-10-30T10:06:00-04:00,499.54,1.5311121785714343,dark_green_next_open,1212.0,41623.4768238877,41596.83350026531,-26.64332362238929,-0.06401032699675513
2024-11-01T14:56:00-04:00,2024-11-01T14:57:00-04:00,487.795,-0.00991139285711222,2024-11-05T09:42:00-05:00,2024-11-05T09:42:00-05:00,489.27,2.3010065000000197,dark_green_next_open,5505.0,41596.83350026531,41714.27078410076,117.43728383544658,0.282322652840139
2024-11-06T11:51:00-05:00,2024-11-06T11:52:00-05:00,503.35,-0.017147642857171963,2024-11-07T09:43:00-05:00,2024-11-07T09:43:00-05:00,510.295,3.0911898928571686,dark_green_next_open,1311.0,41714.27078410076,42281.3686673286,567.0978832278415,1.3594817134954917
2024-11-08T15:24:00-05:00,2024-11-08T15:25:00-05:00,513.99,-0.005279464285665975,2024-11-20T11:56:00-05:00,2024-11-20T11:56:00-05:00,501.75,1.8813015000000037,dark_green_next_open,17071.0,42281.3686673286,41266.239066397146,-1015.1296009314538,-2.4008910613053547
2024-11-21T13:45:00-05:00,2024-11-21T13:46:00-05:00,505.74,-0.012163535714304452,2024-11-22T10:49:00-05:00,2024-11-22T10:49:00-05:00,505.23,1.3818123214285745,dark_green_next_open,1263.0,41266.239066397146,41216.381128762354,-49.8579376347916,-0.12082016380162708
2024-11-25T15:50:00-05:00,2024-11-25T15:51:00-05:00,506.42,-0.01351725000000184,2024-11-26T09:40:00-05:00,2024-11-26T09:40:00-05:00,509.08,1.9286111428571442,dark_green_next_open,1069.0,41216.381128762354,41424.586780885584,208.2056521232298,0.5051526757596347
2024-11-27T12:40:00-05:00,2024-11-27T12:41:00-05:00,503.14,-0.0022149285714396227,2024-12-02T09:43:00-05:00,2024-12-02T09:43:00-05:00,512.82,2.045669714285708,dark_green_next_open,7022.0,41424.586780885584,42213.11830997297,788.5315290873841,1.9035350509548854
2024-12-02T12:01:00-05:00,2024-12-02T12:02:00-05:00,515.81,-0.014998571428592289,2024-12-04T09:39:00-05:00,2024-12-04T09:39:00-05:00,520.01,2.3792376785714637,dark_green_next_open,2737.0,42213.11830997297,42548.32950625143,335.211196278462,0.7940924757488643
2024-12-04T12:22:00-05:00,2024-12-04T12:23:00-05:00,521.73,-0.017865035714276334,2024-12-11T09:43:00-05:00,2024-12-11T09:43:00-05:00,525.5,3.4705691428571237,dark_green_next_open,9920.0,42548.32950625143,42847.21172491949,298.8822186680627,0.7024534738176991
2024-12-18T10:29:00-05:00,2024-12-18T10:30:00-05:00,535.94,-0.004244321428555964,2024-12-18T15:58:00-05:00,2024-12-18T15:58:00-05:00,518.22,2.2375481071428887,dark_green_next_open,328.0,42847.21172491949,41422.251833632494,-1424.9598912869988,-3.3256770602374086
2024-12-20T10:52:00-05:00,2024-12-20T10:53:00-05:00,518.23,-0.0019481785714772215,2024-12-20T11:16:00-05:00,2024-12-20T11:16:00-05:00,520.32,1.5712571785714284,dark_green_next_open,23.0,41422.251833632494,41580.98902007654,158.7371864440429,0.38321718259448634
2024-12-23T13:04:00-05:00,2024-12-23T13:05:00-05:00,521.685,-0.005628892857165613,2024-12-24T09:43:00-05:00,2024-12-24T09:43:00-05:00,525.47,1.7099811428571532,dark_green_next_open,1238.0,41580.98902007654,41874.29737268102,293.3083526044866,0.7053905150328887
2024-12-24T11:57:00-05:00,2024-12-24T11:58:00-05:00,528.75,-0.008904392857136512,2024-12-31T10:29:00-05:00,2024-12-31T10:29:00-05:00,516.25,1.4533122857143115,dark_green_next_open,9991.0,41874.29737268102,40876.185209932366,-998.1121627486573,-2.3835914280912363
2025-01-02T13:27:00-05:00,2025-01-02T13:28:00-05:00,507.38,-0.005945428571402544,2025-01-03T09:45:00-05:00,2025-01-03T09:45:00-05:00,516.36,3.608695142857158,dark_green_next_open,1217.0,40876.185209932366,41591.324158808005,715.1389488756395,1.74952468094276
2025-01-03T15:27:00-05:00,2025-01-03T15:28:00-05:00,518.76,-0.01675989285715949,2025-01-06T09:43:00-05:00,2025-01-06T09:43:00-05:00,525.8,4.703351428571391,dark_green_next_open,3975.0,41591.324158808005,42147.32233862159,555.998179813585,1.336812883597105
2025-01-06T13:19:00-05:00,2025-01-06T13:20:00-05:00,524.87,-0.008041571428582611,2025-01-07T11:06:00-05:00,2025-01-07T11:06:00-05:00,518.96,2.0575816071428745,dark_green_next_open,1306.0,42147.32233862159,41664.41268005913,-482.9096585624575,-1.1457659271510656
2025-01-15T10:02:00-05:00,2025-01-15T10:03:00-05:00,515.8,-0.015930857142875787,2025-01-17T09:40:00-05:00,2025-01-17T09:40:00-05:00,520.0499,4.2206584285714435,dark_green_next_open,2857.0,41664.41268005913,41999.303153164146,334.89047310501337,0.8037806165099193
2025-01-17T14:44:00-05:00,2025-01-17T14:45:00-05:00,522.51,-0.0002850357142506199,2025-01-22T09:41:00-05:00,2025-01-22T09:41:00-05:00,530.261,3.933957071428607,dark_green_next_open,6896.0,41999.303153164146,42613.804168665534,614.5010155013879,1.4631219314768407
2025-01-22T12:39:00-05:00,2025-01-22T12:40:00-05:00,533.18,-0.01075182142856193,2025-01-27T10:01:00-05:00,2025-01-27T10:01:00-05:00,515.615,2.365574999999985,dark_green_next_open,7041.0,42613.804168665534,41201.70038730183,-1412.1037813637013,-3.3137238247366807
2025-01-28T11:42:00-05:00,2025-01-28T11:43:00-05:00,517.49,-0.019161071428633103,2025-01-29T14:50:00-05:00,2025-01-29T14:50:00-05:00,521.09,1.998269607142912,dark_green_next_open,1627.0,41201.70038730183,41480.02961479661,278.3292274947744,0.6755284973154918
2025-02-04T10:31:00-05:00,2025-02-04T10:32:00-05:00,524.03,-0.003566607142806766,2025-02-07T09:39:00-05:00,2025-02-07T09:39:00-05:00,531.65,1.9032107857142928,dark_green_next_open,4267.0,41480.02961479661,42074.78124185777,594.7516270611595,1.4338264282458546
2025-02-12T12:30:00-05:00,2025-02-12T12:31:00-05:00,528.0,-0.0022464999999881607,2025-02-13T09:38:00-05:00,2025-02-13T09:38:00-05:00,530.6899,1.9654222857142647,dark_green_next_open,1267.0,42074.78124185777,42280.67455303408,205.89331117631082,0.48935087741224237
2025-02-14T11:57:00-05:00,2025-02-14T11:58:00-05:00,536.7232,-0.004936071428585362,2025-02-20T10:23:00-05:00,2025-02-20T10:23:00-05:00,535.6797,1.5852051785714025,dark_green_next_open,8545.0,42280.67455303408,42190.03339801138,-90.64115502269851,-0.2143796332033543
2025-02-21T13:42:00-05:00,2025-02-21T13:43:00-05:00,529.2201,-0.017784785714302753,2025-02-24T10:24:00-05:00,2025-02-24T10:24:00-05:00,522.89,1.649024357142857,dark_green_next_open,4121.0,42190.03339801138,41677.05432077181,-512.9790772395718,-1.2158773907577691
2025-03-10T13:00:00-04:00,2025-03-10T13:01:00-04:00,475.08,-0.014336285714305896,2025-03-10T15:30:00-04:00,2025-03-10T15:30:00-04:00,472.6,2.6966455714285713,dark_green_next_open,149.0,41677.05432077181,41451.201799095914,-225.8525216758935,-0.5419109516176412
2025-03-17T15:43:00-04:00,2025-03-17T15:44:00-04:00,484.7398,-0.018071321428585307,2025-03-19T09:37:00-04:00,2025-03-19T09:37:00-04:00,476.29,1.5165309285714077,dark_green_next_open,2513.0,41451.201799095914,40720.49528659869,-730.7065124972214,-1.7628114042115839
2025-03-19T12:34:00-04:00,2025-03-19T12:35:00-04:00,479.235,-0.007684035714269066,2025-03-19T15:11:00-04:00,2025-03-19T15:11:00-04:00,484.68,1.765562428571418,dark_green_next_open,156.0,40720.49528659869,41174.91996257843,454.4246759797388,1.1159605814747842
2025-03-21T14:24:00-04:00,2025-03-21T14:25:00-04:00,478.57,-0.01329264285715065,2025-03-24T09:41:00-04:00,2025-03-24T09:41:00-04:00,488.3,5.691732964285695,dark_green_next_open,4036.0,41174.91996257843,42003.66232132721,828.7423587487792,2.012735809813293
2025-03-27T12:00:00-04:00,2025-03-27T12:01:00-04:00,483.09,-0.003816857142901142,2025-03-31T10:04:00-04:00,2025-03-31T10:04:00-04:00,460.688,2.7857682499999905,dark_green_next_open,5643.0,42003.66232132721,40047.845034720354,-1955.8172866068562,-4.656301804459073
2025-03-31T13:57:00-04:00,2025-03-31T13:58:00-04:00,463.59,-0.014342321428560872,2025-03-31T14:16:00-04:00,2025-03-31T14:16:00-04:00,465.7,1.669388000000012,dark_green_next_open,18.0,40047.845034720354,40222.07500021801,174.2299654976523,0.4350545337623135
2025-04-21T11:08:00-04:00,2025-04-21T11:09:00-04:00,433.13,-0.017792071428565204,2025-04-22T09:43:00-04:00,2025-04-22T09:43:00-04:00,439.64,4.222596678571426,dark_green_next_open,1354.0,40222.07500021801,40818.45348997881,596.3784897608057,1.4827143794982511
2025-04-22T10:24:00-04:00,2025-04-22T10:25:00-04:00,442.282,-0.008771785714271618,2025-04-22T12:10:00-04:00,2025-04-22T12:10:00-04:00,445.59,1.9253553571428683,dark_green_next_open,105.0,40818.45348997881,41115.52673495883,297.0732449800198,0.7277915246175493
2025-04-30T11:32:00-04:00,2025-04-30T11:33:00-04:00,470.09,-0.007500464285682074,2025-04-30T13:34:00-04:00,2025-04-30T13:34:00-04:00,471.04,1.6995544285714264,dark_green_next_open,121.0,41115.52673495883,41190.37777658488,74.85104162604694,0.18205054773725582
2025-05-02T10:34:00-04:00,2025-05-02T10:35:00-04:00,488.22,-0.0014716785714419256,2025-05-06T10:21:00-04:00,2025-05-06T10:21:00-04:00,481.56,1.5407437857142938,dark_green_next_open,5746.0,41190.37777658488,40620.35883638707,-570.0189401978059,-1.3838643172674137
2025-05-09T13:09:00-04:00,2025-05-09T13:10:00-04:00,487.18,-0.007280107142862258,2025-05-12T09:41:00-04:00,2025-05-12T09:41:00-04:00,503.9501,10.092686535714286,dark_green_next_open,4111.0,40620.35883638707,42010.22246443894,1389.8636280518695,3.4215936733844154
2025-05-12T10:11:00-04:00,2025-05-12T10:12:00-04:00,504.53,-0.0033513214285522397,2025-05-12T10:52:00-04:00,2025-05-12T10:52:00-04:00,503.805,1.5299118571428634,dark_green_next_open,40.0,42010.22246443894,41941.46544294254,-68.75702149639983,-0.16366735871156113
2025-05-12T11:30:00-04:00,2025-05-12T11:31:00-04:00,503.81,-0.00703142857143705,2025-05-13T09:42:00-04:00,2025-05-13T09:42:00-04:00,510.87,2.538972499999983,dark_green_next_open,1331.0,41941.46544294254,42520.69540508479,579.2299621422499,1.381043690355166
2025-05-21T10:49:00-04:00,2025-05-21T10:50:00-04:00,519.27,-0.012305714285727326,2025-05-21T13:49:00-04:00,2025-05-21T13:49:00-04:00,516.42,1.6199617500000223,dark_green_next_open,179.0,42520.69540508479,42278.86504653939,-241.83035854540503,-0.5687356621088657
2025-05-22T11:38:00-04:00,2025-05-22T11:39:00-04:00,515.72,-0.010636464285742664,2025-05-27T09:42:00-04:00,2025-05-27T09:42:00-04:00,515.55,3.9524430000000215,dark_green_next_open,7083.0,42278.86504653939,42256.47626010668,-22.388786432704364,-0.052955031806223296
2025-05-28T12:47:00-04:00,2025-05-28T12:48:00-04:00,521.43,-0.002398964285724295,2025-05-29T09:40:00-04:00,2025-05-29T09:40:00-04:00,523.62,3.2343400357143137,dark_green_next_open,1252.0,42256.47626010668,42425.46703216094,168.9907720542542,0.3999168577475398
2025-06-02T12:41:00-04:00,2025-06-02T12:42:00-04:00,520.53,-0.009655392857156844,2025-06-04T09:41:00-04:00,2025-06-04T09:41:00-04:00,529.16,1.5106846071428355,dark_green_next_open,2699.0,42425.46703216094,43120.22479331381,694.7577611528759,1.6375960236954201
2025-06-04T11:50:00-04:00,2025-06-04T11:51:00-04:00,528.86,-0.01416614285714754,2025-06-05T13:20:00-04:00,2025-06-05T13:20:00-04:00,528.905,1.6446812142857068,dark_green_next_open,1529.0,43120.22479331381,43115.26992000382,-4.954873309994582,-0.011490833672000988
2025-06-06T15:50:00-04:00,2025-06-06T15:51:00-04:00,530.21,-0.01163660714280143,2025-06-10T11:55:00-04:00,2025-06-10T11:55:00-04:00,531.95,1.5149069642856894,dark_green_next_open,5524.0,43115.26992000382,43248.11161433533,132.84169433150964,0.3081082284257519
2025-06-11T12:53:00-04:00,2025-06-11T12:54:00-04:00,534.57,-0.01259799999994915,2025-06-16T09:42:00-04:00,2025-06-16T09:42:00-04:00,532.12,3.962038214285704,dark_green_next_open,7008.0,43248.11161433533,43041.29108518501,-206.82052915031818,-0.4782186352889517
2025-06-16T15:54:00-04:00,2025-06-16T15:55:00-04:00,534.0,-0.007723749999987747,2025-06-20T09:43:00-04:00,2025-06-20T09:43:00-04:00,533.09,2.86664167857143,dark_green_next_open,5388.0,43041.29108518501,42959.35083722867,-81.94024795634323,-0.19037590622960066
2025-06-20T12:27:00-04:00,2025-06-20T12:28:00-04:00,527.42,-0.008353535714307518,2025-06-23T09:54:00-04:00,2025-06-23T09:54:00-04:00,528.0,1.633280928571475,dark_green_next_open,4166.0,42959.35083722867,42997.992469405246,38.64163217657915,0.08994929258356876
2025-06-30T14:15:00-04:00,2025-06-30T14:16:00-04:00,550.16,-0.003735892857147448,2025-07-03T09:39:00-04:00,2025-07-03T09:39:00-04:00,553.9199,2.51022850000002,dark_green_next_open,4043.0,42997.992469405246,43283.19157411876,285.19910471351614,0.6632846985041185
2025-07-03T13:26:00-04:00,2025-07-03T13:27:00-04:00,555.99,-0.013477035714333868,2025-07-09T09:44:00-04:00,2025-07-09T09:44:00-04:00,556.32,2.437389892857084,dark_green_next_open,8417.0,43283.19157411876,43300.220789986146,17.029215867383755,0.03934371576601592
2025-07-09T10:08:00-04:00,2025-07-09T10:09:00-04:00,557.16,-0.019666214285708805,2025-07-11T10:03:00-04:00,2025-07-11T10:03:00-04:00,554.27,1.4470768928570954,dark_green_next_open,2874.0,43300.220789986146,43067.007420745285,-233.21336924086063,-0.5385962588320026
2025-07-14T11:49:00-04:00,2025-07-14T11:50:00-04:00,555.51,-0.0021165357143006856,2025-07-15T09:39:00-04:00,2025-07-15T09:39:00-04:00,559.505,2.2249041071428546,dark_green_next_open,1309.0,43067.007420745285,43368.053190082326,301.04576933704084,0.6990171534231759
2025-07-15T11:42:00-04:00,2025-07-15T11:43:00-04:00,559.44,-0.004057321428548977,2025-07-16T11:59:00-04:00,2025-07-16T11:59:00-04:00,555.29,1.5645600000000273,dark_green_next_open,1456.0,43368.053190082326,43037.7348209967,-330.318369085624,-0.761662894199644
2025-07-25T15:46:00-04:00,2025-07-25T15:47:00-04:00,566.88,-0.01759607142858581,2025-07-29T09:41:00-04:00,2025-07-29T09:41:00-04:00,571.84,2.740069857142838,dark_green_next_open,5394.0,43037.7348209967,43405.61782484388,367.88300384717877,0.8547917435183017
2025-07-30T10:12:00-04:00,2025-07-30T10:13:00-04:00,567.98,-0.00446371428576442,2025-07-31T09:38:00-04:00,2025-07-31T09:38:00-04:00,572.1652,3.330906571428547,dark_green_next_open,1405.0,43405.61782484388,43716.71091187824,311.0930870343582,0.7167115747314545
2025-08-08T13:17:00-04:00,2025-08-08T13:18:00-04:00,573.365,-0.012461107142826222,2025-08-12T09:44:00-04:00,2025-08-12T09:44:00-04:00,576.57,2.8552621428570837,dark_green_next_open,5546.0,43716.71091187824,43952.287575495575,235.57666361733573,0.5388709687977222
2025-08-12T12:46:00-04:00,2025-08-12T12:47:00-04:00,579.01,-0.004861392857139879,2025-08-13T09:40:00-04:00,2025-08-13T09:40:00-04:00,582.9,2.1845704642857315,dark_green_next_open,1253.0,43952.287575495575,44238.726416496,286.4388410004249,0.6517040563779997
2025-08-18T14:24:00-04:00,2025-08-18T14:25:00-04:00,576.465,-0.019813892857111354,2025-08-20T11:23:00-04:00,2025-08-20T11:23:00-04:00,562.81,1.630581821428568,dark_green_next_open,2698.0,44238.726416496,43182.185410832186,-1056.5410056638138,-2.3882717502234474
2025-08-26T14:55:00-04:00,2025-08-26T14:56:00-04:00,571.75,-0.007709285714219888,2025-09-02T09:58:00-04:00,2025-09-02T09:58:00-04:00,564.55,2.465363785714305,dark_green_next_open,9782.0,43182.185410832186,42629.86892986773,-552.3164809644586,-1.2790378155013715
2025-09-02T12:40:00-04:00,2025-09-02T12:41:00-04:00,561.04,-0.005090428571447481,2025-09-03T09:38:00-04:00,2025-09-03T09:38:00-04:00,568.24,2.040567535714279,dark_green_next_open,1257.0,42629.86892986773,43168.3167078914,538.4477780236703,1.2630763160672576
2025-09-03T10:18:00-04:00,2025-09-03T10:19:00-04:00,569.79,-0.017651607142873282,2025-09-04T09:38:00-04:00,2025-09-04T09:38:00-04:00,571.22,1.404078821428573,dark_green_next_open,1399.0,43168.3167078914,43268.00161784264,99.68490995124012,0.23092146637493371
2025-09-04T13:41:00-04:00,2025-09-04T13:42:00-04:00,573.12,-0.009807928571402613,2025-09-05T09:39:00-04:00,2025-09-05T09:39:00-04:00,579.32,3.130392107142909,dark_green_next_open,1197.0,43268.00161784264,43727.32760116449,459.32598332185444,1.0615835401384555
2025-09-05T14:43:00-04:00,2025-09-05T14:44:00-04:00,574.95,-0.009906357142779154,2025-09-08T09:40:00-04:00,2025-09-08T09:40:00-04:00,578.815,2.79008578571431,dark_green_next_open,4016.0,43727.32760116449,44012.47347594222,285.14587477772875,0.6520999348017309
2025-09-12T13:31:00-04:00,2025-09-12T13:32:00-04:00,586.57,-0.01493521428565308,2025-09-15T09:43:00-04:00,2025-09-15T09:43:00-04:00,589.385,1.4947528214285837,dark_green_next_open,4091.0,44012.47347594222,44214.84927636299,202.37580042077025,0.4598146489798838
2025-09-16T12:49:00-04:00,2025-09-16T12:50:00-04:00,590.92,-0.0005517142857131979,2025-09-17T15:12:00-04:00,2025-09-17T15:12:00-04:00,589.9399,3.293446892857154,dark_green_next_open,1582.0,44214.84927636299,44132.68710060659,-82.16217575639894,-0.18582484640589092
2025-09-19T14:21:00-04:00,2025-09-19T14:22:00-04:00,598.44,-0.0012127500000165756,2025-09-25T10:18:00-04:00,2025-09-25T10:18:00-04:00,592.76,2.0929438571428625,dark_green_next_open,8396.0,44132.68710060659,43705.066691036576,-427.6204095700159,-0.9689426084461994
2025-09-29T14:57:00-04:00,2025-09-29T14:58:00-04:00,598.87,-0.003529357142883771,2025-10-02T09:38:00-04:00,2025-10-02T09:38:00-04:00,605.34,1.8441825714286204,dark_green_next_open,4000.0,43705.066691036576,44168.407692510096,463.34100147352,1.0601539742497224
2025-10-02T10:23:00-04:00,2025-10-02T10:24:00-04:00,605.0744,-0.01632246428570505,2025-10-06T09:41:00-04:00,2025-10-06T09:41:00-04:00,607.42,2.7258228571428647,dark_green_next_open,5717.0,44168.407692510096,44330.76160926028,162.35391675018036,0.3675792839996639
2025-10-06T12:52:00-04:00,2025-10-06T12:53:00-04:00,608.1149,-0.004698357142897944,2025-10-10T11:54:00-04:00,2025-10-10T11:54:00-04:00,600.45,2.719490321428649,dark_green_next_open,5701.0,44330.76160926028,43763.24714200156,-567.5144672587194,-1.2801820827282429
2025-10-17T13:29:00-04:00,2025-10-17T13:30:00-04:00,600.88,-0.014242892857086131,2025-10-17T14:04:00-04:00,2025-10-17T14:04:00-04:00,602.92,1.492066250000008,dark_green_next_open,34.0,43763.24714200156,43903.04278245936,139.7956404577999,0.3194361698166448
2025-10-20T13:31:00-04:00,2025-10-20T13:32:00-04:00,612.49,-0.010495714285709057,2025-10-22T11:04:00-04:00,2025-10-22T11:04:00-04:00,608.69,1.4889602857143132,dark_green_next_open,2732.0,43903.04278245936,43621.935014524905,-281.10776793445257,-0.6402922214921336
2025-10-27T14:04:00-04:00,2025-10-27T14:05:00-04:00,627.245,-0.014944178571438094,2025-10-28T09:36:00-04:00,2025-10-28T09:36:00-04:00,630.18,1.7393270000000387,dark_green_next_open,1171.0,43621.935014524905,43817.286105094914,195.35109057000955,0.44782765942170677
2025-10-29T12:51:00-04:00,2025-10-29T12:52:00-04:00,635.25,-0.006007999999956465,2025-10-29T15:02:00-04:00,2025-10-29T15:02:00-04:00,633.31,1.9511133571428265,dark_green_next_open,130.0,43817.286105094914,43674.73598279107,-142.55012230384455,-0.32532850611044495
2025-11-10T10:21:00-05:00,2025-11-10T10:22:00-05:00,621.63,-0.0177132500000165,2025-11-13T10:03:00-05:00,2025-11-13T10:03:00-05:00,614.3,1.6973755000000095,dark_green_next_open,4301.0,43674.73598279107,43151.11074545929,-523.6252373317766,-1.1989202122208553
2025-11-13T11:09:00-05:00,2025-11-13T11:10:00-05:00,611.61,-0.018398642857144987,2025-11-14T09:55:00-05:00,2025-11-14T09:55:00-05:00,604.64,3.7922916071428876,dark_green_next_open,1365.0,43151.11074545929,42650.823147724615,-500.28759773467755,-1.1593852141739358
2025-11-18T10:18:00-05:00,2025-11-18T10:19:00-05:00,593.61,-0.017880000000034535,2025-11-18T11:22:00-05:00,2025-11-18T11:22:00-05:00,595.63,2.3093128571428516,dark_green_next_open,63.0,42650.823147724615,42787.40162320768,136.57847548306745,0.3202247117482848
2025-11-28T14:21:00-05:00,2025-11-28T14:22:00-05:00,618.95,-0.012401357142880442,2025-12-01T10:02:00-05:00,2025-12-01T10:02:00-05:00,616.27,2.3843726071428075,dark_green_next_open,4060.0,42787.40162320768,42593.6162973643,-193.78532584338245,-0.45290276691696274
2025-12-03T10:18:00-05:00,2025-12-03T10:19:00-05:00,621.21,-0.007303285714281849,2025-12-05T09:40:00-05:00,2025-12-05T09:40:00-05:00,625.61,2.5388802857142747,dark_green_next_open,2841.0,42593.6162973643,42886.72659200959,293.1102946452884,0.6881554564396763
2025-12-05T09:51:00-05:00,2025-12-05T09:52:00-05:00,626.22,-0.004609750000006851,2025-12-08T09:40:00-05:00,2025-12-08T09:40:00-05:00,627.49,2.001993749999997,dark_green_next_open,4308.0,42886.72659200959,42965.108762052114,78.3821700425251,0.1827655693757979
2025-12-10T12:32:00-05:00,2025-12-10T12:33:00-05:00,623.33,-0.00944364285715632,2025-12-10T15:02:00-05:00,2025-12-10T15:02:00-05:00,627.46,2.551161214285739,dark_green_next_open,149.0,42965.108762052114,43241.13375825371,276.02499620159506,0.6424398870494397
2025-12-12T14:53:00-05:00,2025-12-12T14:54:00-05:00,614.44,-0.018092178571432027,2025-12-15T09:35:00-05:00,2025-12-15T09:35:00-05:00,616.2,2.0093305714285923,dark_green_next_open,4001.0,43241.13375825371,43356.32139405316,115.18763579944789,0.2663844025076356
2025-12-19T13:10:00-05:00,2025-12-19T13:11:00-05:00,617.3,-0.009811714285724249,2025-12-22T09:36:00-05:00,2025-12-22T09:36:00-05:00,619.33,1.8608704285713542,dark_green_next_open,4105.0,43356.32139405316,43490.200375598346,133.87898154518916,0.3087876859487304
2025-12-23T13:42:00-05:00,2025-12-23T13:43:00-05:00,621.28,-0.010028428571415893,2026-01-02T09:40:00-05:00,2026-01-02T09:40:00-05:00,619.25,3.261594642857147,dark_green_next_open,14157.0,43490.200375598346,43339.42966109489,-150.7707145034583,-0.3466774427373198
2026-01-05T11:28:00-05:00,2026-01-05T11:29:00-05:00,620.35,-0.013123357142813263,2026-01-06T10:00:00-05:00,2026-01-06T10:00:00-05:00,621.96,1.7507088928571808,dark_green_next_open,1351.0,43339.42966109489,43443.219364446035,103.78970335114718,0.23948100877828615
2026-01-07T10:47:00-05:00,2026-01-07T10:48:00-05:00,625.28,-0.01685557142860883,2026-01-08T10:20:00-05:00,2026-01-08T10:20:00-05:00,620.61,1.6174870000000607,dark_green_next_open,1412.0,43443.219364446035,43110.13409939053,-333.08526505550253,-0.7667140463538002
2026-01-15T15:54:00-05:00,2026-01-15T15:55:00-05:00,621.58,-0.01824125000000712,2026-01-16T09:41:00-05:00,2026-01-16T09:41:00-05:00,625.18,2.730079464285704,dark_green_next_open,1066.0,43110.13409939053,43351.14362834663,241.00952895609953,0.559055391478136
2026-01-16T12:42:00-05:00,2026-01-16T12:43:00-05:00,621.4,-0.006558571428557314,2026-01-20T10:01:00-05:00,2026-01-20T10:01:00-05:00,612.01,1.3362033928570893,dark_green_next_open,5598.0,43351.14362834663,42687.52442207215,-663.6192062744813,-1.5307997684299912
2026-01-21T12:40:00-05:00,2026-01-21T12:41:00-05:00,609.87,-0.018210392857128832,2026-01-21T14:41:00-05:00,2026-01-21T14:41:00-05:00,617.18,3.82779774999998,dark_green_next_open,120.0,42687.52442207215,43190.54498895661,503.02056688445737,1.1783783990630292
2026-01-23T12:29:00-05:00,2026-01-23T12:30:00-05:00,624.27,-0.01039185714284778,2026-01-28T09:44:00-05:00,2026-01-28T09:44:00-05:00,636.05,2.7078877142856914,dark_green_next_open,7034.0,43190.54498895661,43996.752079019956,806.207090063348,1.8666286574283486
2026-02-10T13:56:00-05:00,2026-02-10T13:57:00-05:00,613.81,-0.001321035714279023,2026-02-11T09:39:00-05:00,2026-02-11T09:39:00-05:00,614.76,2.3139935357142916,dark_green_next_open,1182.0,43996.752079019956,44056.03421308136,59.28213406140276,0.13474206903938413
2026-02-18T12:26:00-05:00,2026-02-18T12:27:00-05:00,609.0,-0.008114357142877837,2026-02-19T10:01:00-05:00,2026-02-19T10:01:00-05:00,603.63,1.8315975357142618,dark_green_next_open,1294.0,44056.03421308136,43658.82718402888,-397.2070290524789,-0.9015950621686697
2026-02-19T11:09:00-05:00,2026-02-19T11:10:00-05:00,604.27,-0.018643535714279236,2026-02-20T09:50:00-05:00,2026-02-20T09:50:00-05:00,604.57,2.347203571428525,dark_green_next_open,1360.0,43658.82718402888,43671.76711579554,12.939931766661175,0.029638752576000016
2026-02-24T09:38:00-05:00,2026-02-24T09:39:00-05:00,602.22,-0.014804285714261123,2026-02-24T09:54:00-05:00,2026-02-24T09:54:00-05:00,604.98,2.927908714285684,dark_green_next_open,15.0,43671.76711579554,43863.143185111956,191.37606931641494,0.4382146222958738
2026-03-04T14:48:00-05:00,2026-03-04T14:49:00-05:00,612.31,-0.0032730357143058164,2026-03-05T10:04:00-05:00,2026-03-05T10:04:00-05:00,612.0,1.821196607142866,dark_green_next_open,1155.0,43863.143185111956,43832.16886445403,-30.974320657922362,-0.07061582551711743
2026-03-05T15:06:00-05:00,2026-03-05T15:07:00-05:00,604.54,-0.0002889642857115682,2026-03-06T10:06:00-05:00,2026-03-06T10:06:00-05:00,601.69,1.4807635714284806,dark_green_next_open,1139.0,43832.16886445403,43616.8053990329,-215.3634654211346,-0.49133654802052673
