session_date,equity,daily_return,daily_pnl
2021-03-08,24567.857634304404,-0.01728569462782381,-432.1423656955958
2021-03-09,24817.612210409065,0.01016590782241944,249.75457610466037
2021-03-10,24534.86286872589,-0.01139309210273598,-282.74934168317486
2021-03-11,24646.886924280352,0.004565913253880671,112.0240555544624
2021-03-12,24480.051809313853,-0.006769013688383674,-166.83511496649953
2021-03-15,24743.878917693677,0.010777228350450141,263.8271083798245
2021-03-16,24796.244382834604,0.0021162997650898685,52.36546514092697
2021-03-17,24711.427872662025,-0.0034205385647551045,-84.816510172579
2021-03-18,24797.56277416017,0.003485630289840058,86.13490149814606
2021-03-19,24528.98687308208,-0.010830737823878112,-268.5759010780894
2021-03-22,24458.47888496381,-0.0028744761650000283,-70.5079881182719
2021-03-23,24334.129350085448,-0.005084107456690967,-124.34953487836174
2021-03-24,23930.377156591505,-0.0165920131222006,-403.7521934939432
2021-03-25,23896.603208846765,-0.0014113420579933145,-33.77394774473942
2021-03-26,24256.60278821684,0.015064885005781736,359.99957937007275
2021-03-29,24245.856532116242,-0.0004430239549380044,-10.746256100595929
2021-03-30,24133.02084305995,-0.0046538132776142715,-112.83568905629363
2021-03-31,24161.0461371716,0.0011612841299024623,28.02529411165233
2021-04-01,24529.163262289563,0.015235976249870165,368.11712511796213
2021-04-05,24482.25460287415,-0.0019123628031588735,-46.90865941541415
2021-04-06,24460.07060993932,-0.0009061254077564751,-22.183992934827984
2021-04-07,24522.185790156836,0.0025394522038817424,62.115180217515444
2021-04-08,24742.221970947,0.008972943222642416,220.0361807901645
2021-04-09,24886.921962183667,0.005848302202064781,144.6999912366664
2021-04-12,24855.91482120438,-0.001245921091664215,-31.007140979287215
2021-04-13,25118.949703021182,0.010582385871084954,263.0348818168022
2021-04-14,24814.383728405843,-0.012124948623098986,-304.56597461533966
2021-04-15,25013.77614945362,0.008035356558927065,199.39242104777804
2021-04-16,25043.06714292469,0.0011709944670512673,29.29099347106967
2021-04-19,24816.061943523928,-0.009064592531945359,-227.00519940076265
2021-04-20,24627.867310472328,-0.007583581693174857,-188.19463305160025
2021-04-21,24846.08521183177,0.00886060894386298,218.2179013594432
2021-04-22,24547.3170784269,-0.012024756852342944,-298.76813340487206
2021-04-23,24855.604784709867,0.012558916532426467,308.28770628296843
2021-04-26,25016.70524880073,0.006481454202633685,161.10046409086135
2021-04-27,24902.470374263572,-0.004566343705178055,-114.23487453715643
2021-04-28,24805.077820972278,-0.003910959508336531,-97.39255329129446
2021-04-29,25168.710521744793,0.014659607335118618,363.6327007725158
2021-04-30,24996.34236139071,-0.006848509787784396,-172.36816035408265
2021-05-03,24866.28947473729,-0.005202876675841295,-130.05288665342232
2021-05-04,24423.75456690977,-0.017796579915033472,-442.5349078275176
2021-05-05,24533.136894217896,0.004478522211172287,109.38232730812524
2021-05-06,24724.05044393123,0.007781864607714795,190.91354971333567
2021-05-07,24812.008244954133,0.0035575805518748282,87.95780102290155
2021-05-10,24177.15467033611,-0.025586545367488722,-634.8535746180241
2021-05-11,23697.179841806606,-0.019852411711556828,-479.9748285295027
2021-05-12,24321.57570738337,0.026348952480632404,624.3958655767638
2021-05-13,23972.144534325664,-0.014367127247912226,-349.4311730577065
2021-05-14,24098.05214636701,0.0052522464922175605,125.90761204134469
2021-05-17,23957.01559174908,-0.005852612226137532,-141.03655461792732
2021-05-18,23787.91940846371,-0.0070583158673407365,-169.0961832853718
2021-05-19,24088.882193881833,0.012651917145433123,300.96278541812353
2021-05-20,24054.036545240244,-0.0014465448567156924,-34.84564864158892
2021-05-21,23915.06774469305,-0.005777358834797908,-138.9688005471944
2021-05-24,24048.92185102175,0.005597061557912841,133.85410632870116
2021-05-25,24079.29669593027,0.0012630439358856105,30.374844908517844
2021-05-26,24158.849861166866,0.003303799369274829,79.55316523659712
2021-05-27,24072.064589999674,-0.0035922766052985944,-86.78527116719124
2021-05-28,24140.046385747308,0.0028240949376596713,67.98179574763344
2021-06-01,24070.61816881355,-0.0028760597980768132,-69.42821693375663
2021-06-02,24113.28759380409,0.001772676741880419,42.669424990537664
2021-06-03,24018.848109678755,-0.003916491426478097,-94.43948412533427
2021-06-04,24120.424724758395,0.004229037738021635,101.57661507964076
2021-06-07,24180.064716779216,0.0024725929456623774,59.6399920208205
2021-06-08,24570.706913171616,0.01615554800898944,390.64219639240036
2021-06-09,24584.574236247518,0.0005643843754641331,13.867323075901368
2021-06-10,24827.16619898928,0.009867649543594093,242.59196274176065
2021-06-11,24889.16846502859,0.0024973557409799785,62.00226603931151
2021-06-14,25128.424268097944,0.009612848392485551,239.25580306935444
2021-06-15,24960.6534305798,-0.006676536329066174,-167.7708375181428
2021-06-16,24869.47362758081,-0.003652941348373684,-91.17980299899136
2021-06-17,25190.426534137256,0.012905496568311081,320.95290655644567
2021-06-18,24991.289844387462,-0.007905252794347506,-199.13668974979373
2021-06-21,24901.572487140882,-0.0035899450490639584,-89.71735724657992
2021-06-22,25134.459688443796,0.00935230903282025,232.88720130291404
2021-06-23,25144.58521893523,0.0004028545119707516,10.125530491433892
2021-06-24,25243.817878800586,0.003946482274467034,99.23265986535625
2021-06-25,25216.398553964387,-0.0010861797913391813,-27.41932483619894
2021-06-28,25400.055231447164,0.00728322393420866,183.656677482777
2021-06-29,25491.980335202683,0.003619090703460781,91.92510375551865
2021-06-30,25453.917596928914,-0.0014931259860265778,-38.062738273769355
2021-07-01,25465.408234898354,0.00045142905510253684,11.490637969440286
2021-07-02,25779.887012022045,0.012349253317397224,314.47877712369154
2021-07-06,25888.426338351765,0.004210232817510207,108.53932632971919
2021-07-07,25936.58617188879,0.0018602843180808293,48.159833537025406
2021-07-08,25794.98188522022,-0.005459634731036722,-141.60428666857115
2021-07-09,25948.805831144455,0.005963328317449612,153.8239459242359
2021-07-12,26050.1571226179,0.0039058171745152137,101.3512914734456
2021-07-13,26045.12549821851,-0.00019315140310693923,-5.0316243993911485
2021-07-14,26118.688982736923,0.002824462662829097,73.56348451841404
2021-07-15,25934.48091673933,-0.007052730177971256,-184.20806599759453
2021-07-16,25731.564219038857,-0.007824205094056791,-202.91669770047156
2021-07-19,25521.45189376035,-0.008165548098434061,-210.11232527850734
2021-07-20,25813.59437342841,0.011446938085034386,292.1424796680585
2021-07-21,26009.315443550848,0.007582092880637603,195.72107012243941
2021-07-22,26187.047444728218,0.006833397886349957,177.73200117736997
2021-07-23,26484.9464264587,0.011375814030170517,297.8989817304828
2021-07-26,26513.728936770825,0.0010867498030266987,28.78251031212494
2021-07-27,26223.745145376175,-0.010937118354275799,-289.9837913946503
2021-07-28,26320.886117679594,0.00370431346723743,97.1409723034194
2021-07-29,26370.53594796801,0.001886328221110567,49.649830288413796
2021-07-30,26228.782084680795,-0.005375463872516972,-141.75386328721288
2021-08-02,26229.5016474386,2.743408959982041e-05,0.7195627578039421
2021-08-03,26391.403267944293,0.006172500823000027,161.90162050569415
2021-08-04,26432.41834513907,0.0015541074788014697,41.015077194777405
2021-08-05,26607.272095285225,0.006615124952360274,174.8537501461542
2021-08-06,26484.226863700897,-0.004624496308516024,-123.04523158432858
2021-08-09,26530.278880200294,0.0017388469271313323,46.05201649939772
2021-08-10,26397.15977000672,-0.005017629509085908,-133.11911019357285
2021-08-11,26352.54687902293,-0.0016900640588796145,-44.61289098378984
2021-08-12,26449.687851326347,0.003686208120579959,97.14097230341577
2021-08-13,26538.91363329393,0.0033734153109525877,89.22578196758332
2021-08-16,26549.70707466098,0.00040670245648288805,10.793441367048217
2021-08-17,26314.769834238265,-0.008848957909857291,-234.93724042271424
2021-08-18,26062.563087628278,-0.009584227724532046,-252.20674660998702
2021-08-19,26189.206133001622,0.004859193815571539,126.64304537334465
2021-08-20,26461.920418209,0.010413232223321245,272.71428520737754
2021-08-23,26361.82005473748,-0.0037828079704539386,-100.10036347151981
2021-08-24,26445.87837699133,0.0031886387995712084,84.05832225385166
2021-08-25,26458.593081197796,0.00048078207217061575,12.714704206464376
2021-08-26,26305.3102582643,-0.005793309661745516,-153.28282293349548
2021-08-27,26573.00777587349,0.010176558078234033,267.697517609191
2021-08-30,26871.882574171625,0.011247307825254627,298.8747982981331
2021-08-31,26842.207062283866,-0.0011043331931005484,-29.675511887759058
2021-09-01,26890.959688956613,0.0018162674387998123,48.75262667274728
2021-09-02,26878.94817224014,-0.0004466748994981229,-12.011516716473125
2021-09-03,26961.61566964175,0.0030755480784394607,82.66749740160958
2021-09-07,26999.063339404875,0.0013889252863021895,37.447669763125305
2021-09-08,26907.917124321044,-0.003375902857741142,-91.14621508383061
2021-09-09,26808.998751361854,-0.0036761809731374884,-98.91837295918958
2021-09-10,26832.828300124973,0.0008888638096529178,23.82954876311851
2021-09-13,26822.138214217513,-0.00039839579294032035,-10.690085907459434
2021-09-14,26829.35233494788,0.0002689614330053658,7.214120730364812
2021-09-15,27031.727373883597,0.007543046004584442,202.3750389357192
2021-09-16,27055.325876657018,0.0008729927779687063,23.598502773420478
2021-09-17,26732.09789927559,-0.011946926045355966,-323.2279773814262
2021-09-20,26160.012983556247,-0.02140067412123492,-572.0849157193443
2021-09-21,26148.160120253142,-0.00045309087998368636,-11.85286330310555
2021-09-22,26400.3403432587,0.009644281733238724,252.18022300555822
2021-09-23,26640.37590963226,0.009092139088080042,240.03556637356087
2021-09-24,26670.380355428955,0.0011262771178031095,30.0044457966942
2021-09-27,26457.49166858574,-0.007982214126911802,-212.88868684321642
2021-09-28,25707.380523668366,-0.028351559335763388,-750.1111449173732
2021-09-29,25671.660945338965,-0.0013894678338197686,-35.719578329400974
2021-09-30,26085.103320954553,0.016105010754695837,413.4423756155884
2021-10-01,26406.461648693996,0.012319611074006698,321.35832773944276
2021-10-04,25863.09467522249,-0.020577045902640978,-543.366973471504
2021-10-05,25796.20082650077,-0.0025864595695814785,-66.89384872172013
2021-10-06,25657.80370444326,-0.005365019561924589,-138.3971220575113
2021-10-07,25634.904748386027,-0.0008924752999520669,-22.89895605723359
2021-10-08,25505.646005131002,-0.005042294657371937,-129.25874325502446
2021-10-11,25371.998557528048,-0.005239916196440153,-133.64744760295434
2021-10-12,25284.21352387383,-0.003459917966461168,-87.78503365421784
2021-10-13,25696.32571159637,0.01629918950547604,412.1121877225414
2021-10-14,26055.146764485155,0.013963905070165428,358.821052888783
2021-10-15,26225.00983258968,0.006519367157664879,169.86306810452515
2021-10-18,26485.134865753935,0.009918967993712613,260.125033164255
2021-10-19,26683.426899231603,0.007486918019589339,198.29203347766816
2021-10-20,26650.733589052492,-0.0012252290645641262,-32.693310179110995
2021-10-21,26814.200139948058,0.006133660461891122,163.4665508955659
2021-10-22,26583.214796291275,-0.008614291772688687,-230.9853436567828
2021-10-25,26860.397208679417,0.010426971098574933,277.18241238814153
2021-10-26,26766.454560530172,-0.0034974407645352867,-93.94264814924463
2021-10-27,26839.21252579288,0.0027182518737463024,72.75796526270642
2021-10-28,27139.42743100309,0.01118568232662187,300.2149052102104
2021-10-29,27272.22837730784,0.004893284747527371,132.80094630475287
2021-11-01,27367.59075896285,0.003496684624948232,95.36238165500981
2021-11-02,27486.263945022416,0.004336267196654919,118.67318605956461
2021-11-03,27777.64900007939,0.010601115365834968,291.3850550569732
2021-11-04,28132.608976239695,0.012778618383409324,354.9599761603058
2021-11-05,28387.461248123855,0.009058963287031263,254.85227188415956
2021-11-08,28351.13737719392,-0.0012795744787615915,-36.32387092993304
2021-11-09,28153.848901750956,-0.006958749937195363,-197.28847544296514
2021-11-10,27740.753899018393,-0.014672771888992853,-413.09500273256344
2021-11-11,27957.370871328298,0.0078086187959574005,216.61697230990467
2021-11-12,28250.099474225568,0.010470534022835487,292.7286028972703
2021-11-15,28244.373731381613,-0.00020268044893712034,-5.725742843955231
2021-11-16,28449.78475590855,0.007272635126574167,205.41102452693667
2021-11-17,28460.520523740965,0.00037735849056597104,10.73576783241515
2021-11-18,28753.964844493734,0.010310574625927327,293.4443207527693
2021-11-19,28912.85420841353,0.0055258245177349785,158.88936391979587
2021-11-22,29204.841778195743,0.01009888431205952,291.98756978221354
2021-11-23,29421.298186629494,0.007411661740121422,216.45640843375077
2021-11-24,29462.268969737434,0.0013925552451168333,40.970783107939496
2021-11-26,28853.657331665192,-0.020657324074306205,-608.6116380722415
2021-11-29,29427.12461504347,0.01987502924798834,573.4672833782788
2021-11-30,28988.243521240212,-0.014914168460036903,-438.8810938032584
2021-12-01,28388.3794203506,-0.020693357997012884,-599.864100889612
2021-12-02,28412.02534417476,0.0008329437716056987,23.645923824158672
2021-12-03,29111.19691738093,0.024608297533759593,699.1715732061712
2021-12-06,28919.819013721568,-0.006574030748460857,-191.37790365936235
2021-12-07,29157.548703316817,0.008220303504750559,237.7296895952495
2021-12-08,29279.90856343628,0.004196507098881863,122.35986011946079
2021-12-09,28849.084624812072,-0.01471397827936538,-430.82393862420577
2021-12-10,29174.54330837071,0.011281421500588085,325.45868355863786
2021-12-13,28747.984894928722,-0.014620911420388905,-426.5584134419878
2021-12-14,28464.345537536887,-0.009866408321435816,-283.6393573918358
2021-12-15,27960.311502185275,-0.01770755750160935,-504.03403535161124
2021-12-16,27785.74215498999,-0.006243469325498907,-174.56934719528726
2021-12-17,27454.846671355728,-0.011908822941943065,-330.89548363426
2021-12-20,27149.570915995126,-0.011119193598669863,-305.2757553606025
2021-12-21,27617.766126643844,0.017245031683829737,468.1952106487188
2021-12-22,27951.26260882674,0.012075432917116213,333.4964821828944
2021-12-23,28169.80923970404,0.00781884646628761,218.54663087729932
2021-12-27,28364.83159990117,0.006923098361711899,195.02236019713018
2021-12-28,28245.300071877984,-0.004214075010535279,-119.53152802318436
2021-12-29,28237.56567888825,-0.0002738293794029012,-7.7343929897324415
2021-12-30,28134.9091901154,-0.003635458167330796,-102.65648877285275
2021-12-31,27953.502518174333,-0.00644774328984854,-181.40667194106572
2022-01-03,28356.1444015088,0.014403986873297248,402.6418833344651
2022-01-04,27982.795793106237,-0.01316640947782366,-373.3486084025608
2022-01-05,27111.884294488536,-0.031123105248556215,-870.911498617701
2022-01-06,27051.798969918564,-0.002216198767939881,-60.08532456997273
2022-01-07,27410.999464865763,0.013278247977024593,359.20049494719933
2022-01-10,27449.249720826316,0.001395434559384734,38.25025596055275
2022-01-11,27217.531159666367,-0.00844170837150926,-231.71856115994888
2022-01-12,27583.897819757207,0.013460686714809711,366.36666009084
2022-01-13,26888.284062855062,-0.025218109545196543,-695.6137569021448
2022-01-14,26765.437447361557,-0.004568778550774533,-122.84661549350494
2022-01-18,27235.595810009545,0.017565876275051684,470.1583626479878
2022-01-19,27803.730171556952,0.020859993866505055,568.134361547407
2022-01-20,28165.072489442893,0.012996181291371922,361.34231788594116
2022-01-21,27596.55929721705,-0.0201850427489203,-568.5131922258443
2022-01-24,25875.759971081818,-0.06235557511362522,-1720.7993261352312
2022-01-25,26562.707312654715,0.026547909794364166,686.9473415728971
2022-01-26,26934.258924993326,0.013987716235596137,371.55161233861145
2022-01-27,27225.99404966155,0.01083137744686602,291.73512466822285
2022-01-28,26971.081558081925,-0.009362835058093766,-254.91249157962375
2022-01-31,26254.145163030218,-0.02658167020509694,-716.9363950517072
2022-02-01,26439.99476849844,0.007078867139423295,185.84960546822185
2022-02-02,26747.15471213098,0.011617246762790634,307.1599436325414
2022-02-03,27238.442593421427,0.018367855817861045,491.2878812904455
2022-02-04,27263.72494601972,0.0009281864229784276,25.282352598293073
2022-02-07,27048.95999630667,-0.007877315008799068,-214.76494971305146
2022-02-08,27024.465444301477,-0.0009055635413907082,-24.494552005191508
2022-02-09,27536.764621496193,0.018956866260706917,512.2991771947163
2022-02-10,27687.42989548707,0.0054714225168361885,150.665273990875
2022-02-11,27126.135841569972,-0.020272522803157833,-561.2940539170959
2022-02-14,27165.985851015765,0.0014690632561356054,39.85000944579224
2022-02-15,27337.083314509637,0.006298223978772777,171.09746349387206
2022-02-16,27688.029906593118,0.012837748198880172,350.94659208348094
2022-02-17,26866.745122981356,-0.029662088143591503,-821.2847836117617
2022-02-18,27399.414124877858,0.019826331751696458,532.6690018965019
2022-02-22,28204.7268325817,0.029391603193903437,805.3127077038407
2022-02-23,27661.112940285966,-0.019273857730391364,-543.6138922957325
2022-02-24,26498.054099580673,-0.04204671168568208,-1163.0588407052928
2022-02-25,26375.80052302456,-0.004613681295112415,-122.25357655611151
2022-02-28,26844.47408968408,0.01776907458222521,468.67356665951957
2022-03-01,27035.41181419647,0.007112738505306027,190.93772451238692
2022-03-02,26724.272684096883,-0.01150857742570821,-311.1391300995856
2022-03-03,26345.554377726246,-0.014171323232905153,-378.7183063706361
2022-03-04,26064.00467241723,-0.010686801320341499,-281.5497053090148
2022-03-07,27027.638623726332,0.036971830055297916,963.6339513091007
2022-03-08,27317.346661868018,0.010718954851178353,289.7080381416854
2022-03-09,26719.952942466214,-0.02186865828501927,-597.3937194018035
2022-03-10,26430.064779667035,-0.010849126995970848,-289.88816279917955
2022-03-11,25865.759789304728,-0.021350874281489962,-564.3049903623069
2022-03-14,26125.72428023223,0.010050525986674996,259.9644909275012
2022-03-15,26153.260307022192,0.0010539813746253124,27.536026789963216
2022-03-16,25849.494414277862,-0.011614838424667373,-303.7658927443299
2022-03-17,25534.44702985645,-0.012187758080382416,-315.0473844214139
2022-03-18,25351.13921549239,-0.007178844098316484,-183.3078143640596
2022-03-21,25252.328265749224,-0.003897692679734943,-98.81094974316511
2022-03-22,25275.59400835101,0.0009213305940325434,23.26574260178677
2022-03-23,24711.658602715648,-0.022311460037261255,-563.9354056353623
2022-03-24,25259.495508983222,0.022169167803547163,547.8369062675738
2022-03-25,25239.829568758232,-0.0007785563341119461,-19.665940224989754
2022-03-28,25678.166407249064,0.017366869982093913,438.3368384908317
2022-03-29,26009.321217478133,0.012896357355779875,331.15481022906897
2022-03-30,25730.08433765796,-0.010736031036155058,-279.23687982017145
2022-03-31,25366.060350037944,-0.014147796130121515,-364.0239876200176
2022-04-01,25358.352431147046,-0.0003038674033150057,-7.707918890897417
2022-04-04,25328.697098195873,-0.0011694503036698833,-29.655332951173477
2022-04-05,24770.364186290455,-0.022043491212391908,-558.3329119054179
2022-04-06,24205.81687342136,-0.022791239911666317,-564.5473128690937
2022-04-07,24139.975842036885,-0.0027200499668643685,-65.84103138447608
2022-04-08,24509.289862675094,0.015298856264598815,369.3140206382086
2022-04-11,23931.50218667092,-0.023574231617541797,-577.7876760041727
2022-04-12,24518.194862299937,0.0245154972325885,586.6926756290159
2022-04-13,24429.830816239293,-0.003604019241910672,-88.36404606064389
2022-04-14,23868.38765508539,-0.022981868576048226,-561.4431611539039
2022-04-18,23907.886168935413,0.0016548463356973464,39.4985138500233
2022-04-19,23897.10965593737,-0.0004507513931552021,-10.776512998043472
2022-04-20,23546.382134335192,-0.014676566607921826,-350.72752160217715
2022-04-21,24594.874783587264,0.04452882159434446,1048.4926492520717
2022-04-22,23945.820880196563,-0.02638980312369099,-649.0539033907007
2022-04-25,24268.646368329624,0.013481495988305836,322.8254881330613
2022-04-26,25217.42399157899,0.039094789583629774,948.777623249367
2022-04-27,25521.167701541784,0.012044993575244911,303.7437099627932
2022-04-28,25354.219548307345,-0.006541556216659861,-166.94815323443981
2022-04-29,25258.625515964155,-0.0037703401661034475,-95.59403234318961
2022-05-02,25302.31946724537,0.0017298625870831863,43.69395128121323
2022-05-03,25295.85491274804,-0.0002554925648494688,-6.4645544973282085
2022-05-04,25359.512937615185,0.002516539768539827,63.658024867145286
2022-05-05,26667.725698123606,0.05158666744612339,1308.2127605084206
2022-05-06,27002.373926198157,0.012548810193367954,334.6482280745513
2022-05-09,27735.86309733165,0.02716387726272651,733.4891711334931
2022-05-10,27969.23782222625,0.008414186501989551,233.37472489459833
2022-05-11,28749.918241570827,0.027912109164597965,780.6804193445787
2022-05-12,27662.41381436718,-0.03782634851570377,-1087.5044272036466
2022-05-13,28076.800840180505,0.01498014701804884,414.3870258133247
2022-05-16,28144.660580481042,0.00241693277972832,67.85974030053694
2022-05-17,27428.629618795905,-0.025441094222387606,-716.0309616851373
2022-05-18,27033.644854723843,-0.014400455639292709,-394.9847640720618
2022-05-19,27604.131456946412,0.021102837049473244,570.4866022225688
2022-05-20,25952.67320372935,-0.059826488502013,-1651.4582532170607
2022-05-23,25854.40848385754,-0.0037863043664300156,-98.2647198718114
2022-05-24,25309.020027903756,-0.021094601962922566,-545.3884559537837
2022-05-25,25599.256955511493,0.011467726813908508,290.236927607737
2022-05-26,25111.553743513847,-0.019051459690615946,-487.7032119976466
2022-05-27,25469.12366013837,0.014239258959310108,357.5699166245249
2022-05-31,25393.177214323034,-0.0029819025903196072,-75.94644581533794
2022-06-01,25068.468558098884,-0.012787240189896298,-324.7086562241493
2022-06-02,24478.310357606108,-0.02354185295065081,-590.1582004927768
2022-06-03,24336.803846492392,-0.0057808937400675164,-141.50651111371553
2022-06-06,24904.201195614067,0.023314374093681645,567.3973491216748
2022-06-07,25373.178114099388,0.018831237139535828,468.9769184853212
2022-06-08,25188.988242324187,-0.00725923536054196,-184.18987177520103
2022-06-09,25066.502949391714,-0.004862652352453978,-122.48529293247339
2022-06-10,24181.113020652967,-0.03532163742690053,-885.3899287387467
2022-06-13,23076.26030919941,-0.045690730220313225,-1104.8527114535573
2022-06-14,23371.802660214267,0.01280720303267846,295.54235101485756
2022-06-15,23506.482337976046,0.00576248566359161,134.6796777617783
2022-06-16,24205.66253685266,0.029744144139637996,699.1801988766128
2022-06-17,24371.374401832905,0.00684599583787282,165.7118649802469
2022-06-21,25010.45851954907,0.02622273603363534,639.0841177161637
2022-06-22,25057.47368736286,0.0018798203070544695,47.01516781379178
2022-06-23,25283.243734204876,0.00901008815409332,225.7700468420153
2022-06-24,26201.815266078585,0.03633123746028688,918.5715318737093
2022-06-27,25978.87022957614,-0.008508763008915454,-222.94503650244587
2022-06-28,27239.248686523893,0.04851552226135114,1260.3784569477539
2022-06-29,27229.887541326,-0.00034366385452200277,-9.361145197894075
2022-06-30,27495.882864652074,0.009768506128509769,265.99532332607487
2022-07-01,27314.605022666798,-0.006592908577535472,-181.2778419852766
2022-07-05,26868.5765920207,-0.016329301861621737,-446.02843064609624
2022-07-06,27071.91896540569,0.007568036687338964,203.3423733849886
2022-07-07,26648.989867360917,-0.01562242774829592,-422.9290980447731
2022-07-08,26688.745599176335,0.0014918288465450846,39.755731815417676
2022-07-11,26110.48040913392,-0.02166700521362308,-578.2651900424135
2022-07-12,26354.916574209296,0.009361611170886963,244.43616507537445
2022-07-13,26264.39836780228,-0.0034345851997723553,-90.51820640701408
2022-07-14,26363.710566658196,0.0037812478117777992,99.31219885591418
2022-07-15,26708.53026124258,0.01307933091256408,344.8196945843847
2022-07-18,26228.473831084688,-0.017973899179862918,-480.05643015789246
2022-07-19,26444.78528775143,0.00824719951529862,216.31145666674274
2022-07-20,26869.526331671655,0.016061429098346736,424.7410439202249
2022-07-21,27260.57184392389,0.014553494818823953,391.0455122522362
2022-07-22,26779.08043087862,-0.017662557330124007,-481.49141304527075
2022-07-25,26633.657609995706,-0.005430463576158839,-145.4228208829154
2022-07-26,26100.73617493087,-0.020009322146757214,-532.9214350648363
2022-07-27,26792.53132589932,0.02650481374670588,691.7951509684499
2022-07-28,26527.023212570726,-0.009909780830299364,-265.508113328593
2022-07-29,26262.75411255533,-0.009962259915019978,-264.26910001539727
2022-08-01,26396.33143018797,0.0050861884880832875,133.5773176326402
2022-08-02,26317.621394835933,-0.002981855094531083,-78.71003535203636
2022-08-03,26206.495181763927,-0.004222502155677765,-111.12621307200607
2022-08-04,26327.855372256563,0.004630920298609231,121.36019049263632
2022-08-05,26315.245691055046,-0.0004789482858829075,-12.60968120151665
2022-08-08,26920.834992360313,0.023012868981539203,605.5893013052664
2022-08-09,26613.60001864021,-0.011412535079513453,-307.2349737201039
2022-08-10,27003.064756940195,0.014634049434394614,389.4647382999865
2022-08-11,26850.617410496987,-0.0056455571919490355,-152.44734644320852
2022-08-12,27174.522816702913,0.012063238667997966,323.90540620592583
2022-08-15,27384.98684045423,0.007744902281115795,210.46402375131584
2022-08-16,27320.03895812472,-0.0023716601621135425,-64.94788232951032
2022-08-17,27005.165047590526,-0.011525382925581473,-314.87391053419196
2022-08-18,27074.223555383927,0.0025572333170968964,69.05850779340108
2022-08-19,26543.952870541747,-0.019585813190817536,-530.2706848421803
2022-08-22,25853.36779260775,-0.02601666305324113,-690.5850779339962
2022-08-23,25822.94916417494,-0.0011765828218909258,-30.418628432809783
2022-08-24,25898.584672710567,0.0029290035020692606,75.63550853562629
2022-08-25,26351.57559883156,0.017490952955367955,452.9909261209941
2022-08-26,25273.769602198856,-0.040901007705986925,-1077.8059966327055
2022-08-29,25026.309949272505,-0.00979116518118539,-247.45965292635083
2022-08-30,24745.96529263501,-0.0112019973062647,-280.34465663749506
2022-08-31,24985.89425865895,0.009695680212375768,239.92896602394103
2022-09-01,25000.08794316063,0.000568067900821978,14.193684501678945
2022-09-02,24240.736770222433,-0.03037394007031624,-759.3511729381971
2022-09-06,24064.19266922322,-0.007282951119542025,-176.5441009992137
2022-09-07,23740.625028453196,-0.013446021032895383,-323.567640770023
2022-09-08,23662.4231429778,-0.003294011231029903,-78.2018854753951
2022-09-09,24087.53581774984,0.017965728708481565,425.1126747720373
2022-09-12,24379.372820231692,0.012115685252735764,291.83700248185414
2022-09-13,23034.725986215828,-0.05515510361693898,-1344.6468340158644
2022-09-14,23030.519174625886,-0.00018262911364608225,-4.206811589941935
2022-09-15,22637.692742255633,-0.017056777113520494,-392.8264323702533
2022-09-16,22497.675400024655,-0.0061851419146449205,-140.0173422309781
2022-09-19,22643.915735243678,0.006500242030288206,146.2403352190231
2022-09-20,22456.448071478862,-0.008278941944349083,-187.46766376481537
2022-09-21,22956.74208399582,0.022278412459731944,500.2940125169589
2022-09-22,23306.13033752926,0.015219417992982986,349.3882535334378
2022-09-23,22929.137763242496,-0.016175682913765477,-376.99257428676356
2022-09-26,23245.65030233065,0.013803944237081422,316.5125390881549
2022-09-27,23608.20960600753,0.015596866465832138,362.5593036768805
2022-09-28,23953.37178924287,0.014620430307747956,345.1621832353376
2022-09-29,23283.22171560235,-0.027977275163468707,-670.1500736405178
2022-09-30,22867.26649748065,-0.01786501985002209,-415.95521812170045
2022-10-03,23411.60295576337,0.02380417695935333,544.3364582827198
2022-10-04,23908.96136139492,0.02124409877321587,497.3584056315485
2022-10-05,23892.862191891905,-0.0006733529432612073,-16.0991695030134
2022-10-06,23708.145404962605,-0.007731044754947125,-184.71678692930072
2022-10-07,22794.729366844313,-0.038527519656897935,-913.4160381182919
2022-10-10,22553.24182429913,-0.010594007880454837,-241.4875425451828
2022-10-11,22275.319319194492,-0.012322951497163559,-277.9225051046378
2022-10-12,22261.762123823537,-0.0006086195747269096,-13.557195370955014
2022-10-13,20867.880401500635,-0.06261326999048433,-1393.8817223229016
2022-10-14,21259.619491246838,0.018772346889530445,391.7390897462028
2022-10-17,21842.392529074143,0.02741220453485771,582.7730378273045
2022-10-18,22631.384159424495,0.03612203330290553,788.9916303503524
2022-10-19,22669.106873964178,0.0016668319654666863,37.722714539682784
2022-10-20,23080.90379554497,0.018165555611445283,411.7969215807934
2022-10-21,22980.768559517237,-0.004338445188921125,-100.13523602773421
2022-10-24,23236.879785704183,0.011144589247467973,256.1112261869457
2022-10-25,23714.064220163244,0.020535650175917075,477.18443445906087
2022-10-26,23184.322758831942,-0.022338704003377008,-529.7414613313013
2022-10-27,23147.739863738694,-0.0015779151918212664,-36.582895093248226
2022-10-28,23061.133601721045,-0.0037414565105476916,-86.60626201764899
2022-10-31,22791.33121364928,-0.01169944169837478,-269.8023880717665
2022-11-01,23467.72185601546,0.02967753993944444,676.3906423661829
2022-11-02,24449.274831382518,0.04182566085405748,981.5529753670562
2022-11-03,24556.16104709953,0.004371754027641561,106.88621571701151
2022-11-04,25391.971974615437,0.034036709806259724,835.8109275159077
2022-11-07,25670.182337039438,0.01095662687018284,278.2103624240008
2022-11-08,25536.50606447441,-0.0052074531769937815,-133.676272565026
2022-11-09,25553.85229232333,0.0006792717768484557,17.346227848916897
2022-11-10,26590.941449787733,0.04058445457070903,1037.0891574644047
2022-11-11,26485.383706815235,-0.003969688067337662,-105.55774297249809
2022-11-14,26247.174366256662,-0.008993992429767061,-238.20934055857288
2022-11-15,26432.799778505145,0.007072205550900046,185.62541224848246
2022-11-16,26065.652189846478,-0.01388984866284304,-367.1475886586668
2022-11-17,26012.680647204183,-0.002032235459004883,-52.97154264229539
2022-11-18,26009.02743736678,-0.00014043957587250855,-3.6532098374009365
2022-11-21,25739.60321185856,-0.010358873516398526,-269.42422550822084
2022-11-22,26113.143917732676,0.014512294645708357,373.5407058741148
2022-11-23,26381.65484078155,0.010282596530498012,268.51092304887425
2022-11-25,26198.071913427622,-0.006958734334972072,-183.58292735392752
2022-11-28,25812.667408606554,-0.014711178215505716,-385.40450482106826
2022-11-29,25621.787194602424,-0.00739482715918327,-190.8802140041298
2022-11-30,25334.262427785954,-0.01122188568005289,-287.5247668164702
2022-12-01,25360.164815926968,0.0010224251925567973,25.902388141013944
2022-12-02,25264.32597980522,-0.0037791093558492417,-95.83883612174759
2022-12-05,24824.848794346046,-0.017395167629267738,-439.4771854591745
2022-12-06,24323.63758381746,-0.02018989983305508,-501.21121052858507
2022-12-07,24213.55243421816,-0.0045258505936850435,-110.08514959930108
2022-12-08,24507.618368031264,0.01214468362756782,294.0659338131045
2022-12-09,24352.228206128922,-0.006340483990277868,-155.3901619023418
2022-12-12,24656.965579192965,0.012513736750682458,304.7373730640429
2022-12-13,25474.538226822526,0.03315787763922895,817.5726476295604
2022-12-14,25661.77210231367,0.007349843746883078,187.2338754911434
2022-12-15,26388.366711353687,0.02831428032885186,726.5946090400175
2022-12-16,26131.077277146498,-0.009750108334537044,-257.2894342071886
2022-12-19,25713.69663943261,-0.015972576763182977,-417.3806377138899
2022-12-20,25727.259444285308,0.0005274544941118453,13.562804852699628
2022-12-21,26102.331335133847,0.014578773602403672,375.0718908485396
2022-12-22,25463.850177429842,-0.024460694698354657,-638.4811577040055
2022-12-23,25464.95226377956,4.3280428609238086e-05,1.1020863497178652
2022-12-27,25092.665992134855,-0.014619555057019729,-372.28627164470527
2022-12-28,24757.51313377439,-0.013356606207786559,-335.15285836046314
2022-12-29,24931.723858053738,0.007036681080931695,174.21072427934632
2022-12-30,24913.949562406182,-0.0007129188398183883,-17.774295647555846
2023-01-03,26005.852995031317,0.04382699057369677,1091.9034326251349
2023-01-04,26133.68937442155,0.004915677229070603,127.83637939023174
2023-01-05,25724.61296037281,-0.015653220951234004,-409.0764140487372
2023-01-06,26428.696403783622,0.027370030581039595,704.083443410811
2023-01-09,25918.85958320051,-0.01929103171770985,-509.8368205831139
2023-01-10,26147.831544477394,0.008834183484881963,228.97196127688585
2023-01-11,26593.320925204393,0.01703733558055176,445.4893807269982
2023-01-12,26466.141251711215,-0.004782391558048715,-127.17967349317769
2023-01-13,26647.305749402392,0.006845142099416002,181.16449769117753
2023-01-17,26695.679515801607,0.0018153342350679669,48.37376639921422
2023-01-18,26355.640393171838,-0.012737608811511758,-340.0391226297688
2023-01-19,26092.430193646698,-0.009986864124664985,-263.2101995251396
2023-01-20,26821.830710528968,0.02795448762223285,729.4005168822696
2023-01-23,27135.751739832034,0.011703937463889647,313.92102930306646
2023-01-24,27080.353492335493,-0.002041522491349479,-55.398247496541444
2023-01-25,27013.68780467016,-0.002461773170139736,-66.66568766533237
2023-01-26,27866.46628635206,0.031568384437110186,852.7784816819003
2023-01-27,28134.321746599904,0.009612107164769235,267.85546024784344
2023-01-30,27558.71745968432,-0.020459149223497675,-575.6042869155826
2023-01-31,27988.995911784586,0.015613152271317432,430.278452100265
2023-02-01,28409.783067238095,0.015034021112430684,420.7871554535086
2023-02-02,27678.249165437897,-0.025749365986669437,-731.5339018001978
2023-02-03,26739.258628185646,-0.03392521440354612,-938.9905372522517
2023-02-06,26513.942515896408,-0.008426415833823198,-225.31611228923794
2023-02-07,27389.408177272697,0.033019067641540056,875.4656613762891
2023-02-08,26898.07079111526,-0.017938955926953604,-491.3373861574364
2023-02-09,26607.559335409867,-0.010800456953267923,-290.511455705393
2023-02-10,26831.031289868723,0.008398814473804528,223.47195445885518
2023-02-13,27264.728315956043,0.016164008807633135,433.6970260873204
2023-02-14,27489.0633815195,0.008228032312068478,224.33506556345674
2023-02-15,27716.71236912688,0.008281438492386828,227.64898760737924
2023-02-16,27181.647622663862,-0.01930476960388039,-535.0647464630165
2023-02-17,26990.745125182082,-0.007023212872592999,-190.9024974817803
2023-02-21,26351.71469933932,-0.0236759090154407,-639.0304258427605
2023-02-22,26368.743560617037,0.0006462145432282185,17.028861277714896
2023-02-23,27040.149876927808,0.02546220356564688,671.4063163107712
2023-02-24,26583.756820688854,-0.0168783478758886,-456.39305623895416
2023-02-27,26897.277990763054,0.011793711934281692,313.5211700742002
2023-02-28,26856.100284102362,-0.0015309246785059072,-41.17770666069191
2023-03-01,26641.976209466768,-0.007973014412756996,-214.1240746355943
2023-03-02,26875.316547210685,0.008758371973209833,233.3403377439172
2023-03-03,27424.35263601989,0.020429009193053904,549.0360888092036
2023-03-06,27454.549620904396,0.0011011011011010652,30.1969848845074
2023-03-07,27115.97736613872,-0.012332100123320977,-338.5722547656769
2023-03-08,27257.811689081096,0.005230655012992136,141.83432294237718
2023-03-09,26764.59426930083,-0.018094534711964427,-493.21741978026694
2023-03-10,26935.839990176024,0.006398218450545112,171.24572087519482
2023-03-13,26270.910953196915,-0.024685661825345706,-664.9290369791088
2023-03-14,26631.395308233346,0.013721806437494877,360.4843550364312
2023-03-15,26642.17905613463,0.0004049261323515463,10.783747901285096
2023-03-16,26261.460665885894,-0.014290061989545633,-380.7183902487377
2023-03-17,26135.58052075172,-0.0047933413428787874,-125.88014513417511
2023-03-20,26185.227252818786,0.0018995840565947386,49.646732067067205
2023-03-21,26274.41091394102,0.0034058769191180893,89.18366112223521
2023-03-22,27206.317255618014,0.03546821067575401,931.9063416769932
2023-03-23,26716.077805905374,-0.018019324155731042,-490.23944971264063
2023-03-24,26816.981063161846,0.0037768739105172866,100.90325725647199
2023-03-27,26623.367548169732,-0.007219810258883963,-193.61351499211378
2023-03-28,26485.8113983201,-0.005166744950681035,-137.55614984963177
2023-03-29,26871.461369559158,0.01456062513771128,385.6499712390578
2023-03-30,27118.00430019,0.0091748985006872,246.54293063084333
2023-03-31,27565.561327572126,0.016504054738976093,447.55702738212494
2023-04-03,27502.851801662542,-0.0022749228707655833,-62.709525909584045
2023-04-04,27414.371237707917,-0.0032171414292854195,-88.48056395462481
2023-04-05,27132.607888415525,-0.0102779431579606,-281.7633492923924
2023-04-06,27325.890673753296,0.007123634636694742,193.2827853377712
2023-04-10,27310.42805092627,-0.0005658597925182196,-15.462622827024461
2023-04-11,27130.88981921252,-0.006573980875692054,-179.53823171375188
2023-04-12,26891.219165393686,-0.00883386632048877,-239.67065381883367
2023-04-13,27050.22055734844,0.005912762488633261,159.00139195475276
2023-04-14,26990.912904295714,-0.0021925016443762324,-59.30765305272507
2023-04-17,27009.128826304768,0.0006748909187934693,18.21592200905434
2023-04-18,27013.788713330337,0.00017253007512896268,4.659887025569333
2023-04-19,27005.316191465663,-0.00031363693388530844,-8.47252186467449
2023-04-20,26799.433910154057,-0.007623768588818414,-205.88228131160577
2023-04-21,26824.004223561617,0.0009168221048971859,24.570313407559297
2023-04-24,26768.08557925476,-0.002084649399873739,-55.91864430685746
2023-04-25,26259.73426737425,-0.01899094764828757,-508.35131188050946
2023-04-26,26227.36909452,-0.0012325019181348429,-32.36517285424998
2023-04-27,26426.681710109806,0.00759941322637081,199.31261558980623
2023-04-28,26609.787931696712,0.006928838951310912,183.10622158690603
2023-05-01,26572.671805699367,-0.0013948298307606688,-37.11612599734508
2023-05-02,26340.902218915944,-0.008722103237421286,-231.7695867834227
2023-05-03,26175.116856127803,-0.006293837675350633,-165.78536278814136
2023-05-04,26082.73894253441,-0.0035292264061760337,-92.37791359339099
2023-05-05,26262.865881787337,0.006905982521612453,180.12693925292479
2023-05-08,26330.371312656258,0.0025703756464650063,67.5054308689214
2023-05-09,26155.50784715242,-0.006641131772410103,-174.86346550383678
2023-05-10,26527.534255951407,0.014223635456555916,372.02640879898536
2023-05-11,26612.38320451727,0.003198523758265681,84.8489485658647
2023-05-12,26517.743992655345,-0.003556209571109026,-94.63921186192601
2023-05-15,26667.045507920277,0.005630249515429453,149.30151526493137
2023-05-16,26689.889455611083,0.0008566358685675457,22.84394769080609
2023-05-17,27018.679131303794,0.012318884881090675,328.78967569271117
2023-05-18,27513.087427754865,0.01829875894555677,494.4082964510708
2023-05-19,27450.266571605138,-0.0022833081279839407,-62.82085614972675
2023-05-22,27548.16920456575,0.0035665458003926176,97.90263296061312
2023-05-23,27194.088015358215,-0.012853165906533293,-354.0811892075362
2023-05-24,27057.840184488035,-0.005010200408016363,-136.2478308701793
2023-05-25,27335.807671393995,0.010273084806869281,277.96748690595996
2023-05-26,27060.676326147575,-0.010064869805706755,-275.1313452464201
2023-05-30,27537.33406647486,0.017614406032664842,476.65774032728586
2023-05-31,27356.353759145764,-0.0065721796776773145,-180.98030732909683
2023-06-01,27701.790084873915,0.012627279525973645,345.43632572815113
2023-06-02,28251.98725337511,0.01986143013918884,550.1971685011958
2023-06-05,28272.699854000755,0.0007331378299120228,20.712600625643972
2023-06-06,28269.513300058352,-0.00011270780501537736,-3.186553942403407
2023-06-07,27786.75037778378,-0.01707715718875058,-482.7629222745709
2023-06-08,28126.516691892863,0.012227637614678821,339.7663141090816
2023-06-09,28421.28614235612,0.010480126412106383,294.76945046325636
2023-06-12,28905.54400096942,0.017038562441817673,484.25785861330223
2023-06-13,29092.945348656773,0.006483231994563576,187.40134768735152
2023-06-14,28745.15079894963,-0.011954600867636112,-347.7945497071414
2023-06-15,29248.470368411374,0.01750972096066139,503.3195694617425
2023-06-16,29060.46367182838,-0.006427915518824601,-188.00669658299375
2023-06-20,28985.813954067486,-0.0025687724257910105,-74.64971776089442
2023-06-21,28597.556427300504,-0.013394742938122595,-388.25752676698175
2023-06-22,28927.75306247568,0.011546323407546577,330.1966351751762
2023-06-23,28639.42346477487,-0.009967231021299816,-288.32959770080924
2023-06-26,28258.670406989146,-0.0132947179699352,-380.7530577857251
2023-06-27,28742.90614230585,0.01713582869762109,484.23573531670263
2023-06-28,28799.782117742718,0.0019787830484250257,56.87597543686934
2023-06-29,28742.11619820256,-0.002002304021065271,-57.66591954015894
2023-06-30,28896.67575067345,0.005377459036247201,154.5595524708915
2023-07-03,28945.15879390517,0.0016778069439558063,48.48304323172124
2023-07-05,28955.324593292466,0.00035120896933671375,10.1657993872941
2023-07-06,28735.97792189735,-0.007575348385005842,-219.34667139511657
2023-07-07,28640.184812286287,-0.0033335601061297293,-95.79310961106239
2023-07-10,28656.60648821961,0.0005733788395905215,16.421675933324877
2023-07-11,28789.934857106844,0.004652622387163685,133.3283688872325
2023-07-12,29015.677264746977,0.007841018354524332,225.74240764013302
2023-07-13,29578.75966298104,0.019406143551168764,563.0823982340626
2023-07-14,29574.07898574774,-0.0001582445405632349,-4.68067723330023
2023-07-17,29847.1184910237,0.009232392508572884,273.0395052759595
2023-07-18,30093.63415864428,0.008259278619968669,246.51566762058064
2023-07-19,30064.76998237225,-0.0009591455827456796,-28.864176272029
2023-07-20,29385.291670671217,-0.022600482627987195,-679.4783117010338
2023-07-21,29299.089198291233,-0.0029335244770096747,-86.2024723799841
2023-07-24,29350.966704293667,0.0017706183851429191,51.87750600243453
2023-07-25,29550.675599581227,0.006804167552626028,199.70889528756015
2023-07-26,29559.59055651049,0.0003016836924496502,8.914956929264008
2023-07-27,28831.781465194992,-0.024621758204807054,-727.8090913154992
2023-07-28,29028.43530362119,0.006820731444000305,196.6538384261985
2023-07-31,29056.443338101057,0.0009648482319808416,28.008034479866183
2023-08-01,28976.961078090622,-0.0027354435326298887,-79.4822600104344
2023-08-02,28340.346024102266,-0.021969696969697083,-636.6150539883565
2023-08-03,28294.170615905725,-0.001629317022356469,-46.17540819654096
2023-08-04,28321.27476312371,0.000957941039726018,27.104147217985883
2023-08-07,28564.130779075876,0.008575038305421945,242.85601595216576
2023-08-08,28315.94563424702,-0.008688699360341112,-248.18514482885803
2023-08-09,28006.094855273568,-0.010942625154594765,-309.85077897345036
2023-08-10,28547.786852262783,0.01934193252534855,541.6919969892151
2023-08-11,28900.84837065272,0.012367386663528768,353.0615183899354
2023-08-14,29236.253208246653,0.01160536304306281,335.40483759393464
2023-08-15,28917.42131556913,-0.010905360902661476,-318.8318926775246
2023-08-16,28606.481301423224,-0.010752688172043001,-310.94001414590457
2023-08-17,28299.487226543126,-0.010731626572500708,-306.9940748800982
2023-08-18,28263.97377315083,-0.0012549150840792667,-35.51345339229738
2023-08-21,28621.301599101313,0.012642519017970644,357.3278259504841
2023-08-22,28574.904830380932,-0.0016210572590394934,-46.39676872038035
2023-08-23,29031.00865847959,0.01596169193934549,456.1038280986577
2023-08-24,28395.608842783528,-0.021886935558143916,-635.3998156960624
2023-08-25,28629.951844116975,0.008252790163117085,234.34300133344732
2023-08-28,28988.605822977534,0.012527229553627617,358.6539788605587
2023-08-29,29611.28597531517,0.021480169006405925,622.680152337638
2023-08-30,29785.130687896744,0.005870893710137937,173.84471258157282
2023-08-31,29860.99019884143,0.0025468919958613334,75.85951094468692
2023-09-01,29843.605727583275,-0.0005821799994707444,-17.384471258155827
2023-09-05,29874.423653904556,0.0010326475494479848,30.817926321280538
2023-09-06,29617.212499607725,-0.008609744485002402,-257.2111542968305
2023-09-07,29397.931100783237,-0.007403850002001167,-219.28139882448886
2023-09-08,29439.021669211612,0.00139773674166066,41.09056842837526
2023-09-11,29870.22261471107,0.014647257994664376,431.2009454994586
2023-09-12,29541.377581150347,-0.011009125636672223,-328.8450335607231
2023-09-13,29654.690448136334,0.003835734020010362,113.31286698598706
2023-09-14,29895.579340190452,0.008123129542539465,240.8888920541176
2023-09-15,29371.012081835757,-0.01754664970313813,-524.5672583546948
2023-09-18,29371.012081835757,0.0,0.0
2023-09-19,29308.412665808533,-0.002131333297361482,-62.599416027223924
2023-09-20,28886.06470704259,-0.014410468543001542,-422.34795876594217
2023-09-21,28348.422887112585,-0.01861249794261266,-537.641819930006
2023-09-22,28363.082244030353,0.0005171136671744403,14.659356917767582
2023-09-25,28498.582245810794,0.004777336983851965,135.50000178044138
2023-09-26,28067.914111496928,-0.01511191436118453,-430.6681343138662
2023-09-27,28055.56281456484,-0.00044005040356842606,-12.35129693208728
2023-09-28,28392.463232760496,0.012008328630668474,336.9004181956552
2023-09-29,28667.85193298325,0.009699359226606141,275.38870022275296
2023-10-02,28980.654211396446,0.01091125624425704,312.8022784131972
2023-10-03,28467.29637316523,-0.017713811237199062,-513.3578382312153
2023-10-04,28667.589962938437,0.007035918941779462,200.2935897732059
2023-10-05,28580.732966441876,-0.0030297976428730333,-86.8569964965609
2023-10-06,28409.80966765176,-0.005980367927960639,-170.92329879011595
2023-10-09,28566.086515547526,0.005500805873884795,156.27684789576597
2023-10-10,28720.388270514748,0.005401571366215663,154.30175496722222
2023-10-11,29031.788763103723,0.010842488954394325,311.4004925889749
2023-10-12,28926.204402031017,-0.00363685344827569,-105.58436107270609
2023-10-13,28566.435468005482,-0.012437474651886049,-359.7689340255347
2023-10-16,28596.597889760804,0.0010558692836950545,30.162421755321702
2023-10-17,28066.097623723384,-0.018551167103250665,-530.5002660374194
2023-10-18,27672.07784227916,-0.01403899418888832,-394.0197814442254
2023-10-19,28051.372231123485,0.013706754910352892,379.294388844326
2023-10-20,28279.689149906837,0.008139242419307857,228.31691878335187
2023-10-23,27768.18140882861,-0.018087459814950413,-511.5077410782287
2023-10-24,28139.965926933153,0.013388868094413198,371.784518104545
2023-10-25,27443.4980489565,-0.024750132241988854,-696.4678779766546
2023-10-26,27619.246920017245,0.006404025855130779,175.74887106074675
2023-10-27,27635.338131229313,0.0005826086156028865,16.09121121206772
2023-10-30,28034.750446309637,0.014452955602846984,399.41231508032433
2023-10-31,28176.863305581937,0.005069167979378397,142.11285927229983
2023-11-01,28458.608147426028,0.009999155647260283,281.74484184409084
2023-11-02,28881.200622753036,0.014849372574295527,422.5924753270083
2023-11-03,29222.110678530087,0.01180387409200967,340.91005577705073
2023-11-06,29340.515336597175,0.004051885894542195,118.40465806708744
2023-11-07,29614.673773061233,0.00934402253399047,274.15843646405847
2023-11-08,29638.513637101587,0.0008050017441705304,23.83986404035386
2023-11-09,29409.253611246855,-0.00773520658498017,-229.2600258547318
2023-11-10,29609.90340951984,0.0068226756423444,200.6497982729852
2023-11-13,29523.038719442487,-0.0029336363876629745,-86.86469007735286
2023-11-14,30144.084918435005,0.021035984977505917,621.046198992517
2023-11-15,30169.120884003532,0.0008305432271793478,25.0359655685279
2023-11-16,30196.50397134411,0.0009076528098337366,27.38308734057864
2023-11-17,30204.32771058428,0.0002590942066535984,7.823739240167924
2023-11-20,30570.47870702404,0.01212246801015393,366.1509964397628
2023-11-21,30389.75033057621,-0.005911859548548892,-180.72837644783067
2023-11-22,30693.04531045851,0.009980173465826248,303.29497988229923
2023-11-24,30634.813197009273,-0.0018972413085838191,-58.23211344923766
2023-11-27,30622.222469777003,-0.00041099409195999304,-12.590727232269273
2023-11-28,30706.8164183688,0.0027625019273269658,84.5939485917952
2023-11-29,31120.91379422638,0.013485519638886112,414.09737585758194
2023-11-30,31047.453266476055,-0.002360487491982144,-73.46052775032513
2023-12-01,31138.480442166678,0.002931872540699265,91.02717569062224
2023-12-04,30843.04136317081,-0.009487909326358568,-295.439078995867
2023-12-05,30924.88597289264,0.002653584280425614,81.84460972182933
2023-12-06,30742.831621511403,-0.005886985372906994,-182.0543513812372
2023-12-07,30997.05443413158,0.008269336271623517,254.22281262017714
2023-12-08,31230.80158035632,0.0075409470509997245,233.7471462247413
2023-12-11,31499.98456987973,0.008619150835139644,269.18298952340774
2023-12-12,31756.42516936653,0.008140975400096062,256.44059948679933
2023-12-13,32155.42125738791,0.012564263322883962,398.9960880213803
2023-12-14,32562.969065066365,0.01267431094795013,407.5478076784566
2023-12-15,32689.71091853131,0.0038922081463668157,126.74185346494414
2023-12-18,32864.889149116614,0.005358818590408543,175.17823058530485
2023-12-19,33029.57283132584,0.0050109307066885656,164.68368220922275
2023-12-20,32530.678146986127,-0.015104484907735416,-498.8946843397098
2023-12-21,33132.33968927678,0.01849520442125785,601.6615422906507
2023-12-22,33185.15123639179,0.001593957674293156,52.81154711500858
2023-12-26,33382.178931397786,0.0059372245617472785,197.0276950059997
2023-12-27,33433.77175050245,0.0015455198179450402,51.59281910466234
2023-12-28,33410.20967563575,-0.0007047387606319289,-23.562074866698822
2023-12-29,33268.02474109534,-0.0042557330804211535,-142.18493454041163
2024-01-02,32708.222341676235,-0.016827040492355727,-559.8023994191026
2024-01-03,32364.13480008844,-0.01051990958094251,-344.0875415877963
2024-01-04,32193.91912131006,-0.005259392220116288,-170.2156787783788
2024-01-05,32236.9808443423,0.0013375731879667896,43.06172303223866
2024-01-08,32548.210220454373,0.009654420729250601,311.22937611207453
2024-01-09,32610.89411460996,0.0019258783733735463,62.68389415558704
2024-01-10,32831.09138382317,0.006752261021710559,220.19726921321126
2024-01-11,33769.38613121131,0.028579456479794763,938.2947473881359
2024-01-12,33787.53550568941,0.0005374505301216637,18.14937447810371
2024-01-16,33785.06059098785,-7.324934075603196e-05,-2.4749147015609196
2024-01-17,33592.8422158334,-0.005689448880423886,-192.21837515445077
2024-01-18,34084.97708306397,0.014649991925917094,492.1348672305685
2024-01-19,34749.03977944739,0.0194825625015127,664.062696383422
2024-01-22,35103.67143759827,0.010205509573839588,354.63165815087996
2024-01-23,35244.345829919104,0.004007398273736307,140.67439232083416
2024-01-24,35176.5614278065,-0.0019232702584328631,-67.7844021126075
2024-01-25,35219.5211308114,0.0012212593062306265,42.95970300490444
2024-01-26,35009.67950459513,-0.0059581056039030855,-209.84162621627183
2024-01-29,35372.35853573271,0.01035939306699385,362.67903113758075
2024-01-30,35128.64483599333,-0.006889947683109243,-243.71369973938272
2024-01-31,35308.3352955944,0.005115211828979005,179.69045960107178
2024-02-01,35196.32235522287,-0.0031724220197237862,-112.01294037153275
2024-02-02,35594.91854864838,0.011324938708159094,398.59619342551014
2024-02-05,35537.27260522293,-0.0016194992368547823,-57.645943425442965
2024-02-06,35470.91756243106,-0.0018671957054499089,-66.35504279187444
2024-02-07,35734.93066106348,0.007443086245731978,264.01309863242204
2024-02-08,35798.62044327541,0.0017822836377103801,63.689782211928105
2024-02-09,36152.63637557028,0.009889094269870613,354.0159322948675
2024-02-12,36006.23259048572,-0.004049601903541533,-146.40378508455615
2024-02-13,35577.34863415904,-0.011911381043514413,-428.8839563266811
2024-02-14,35918.12674386641,0.009578513374101538,340.77810970736755
2024-02-15,36025.075279319244,0.0029775643984857325,106.94853545283695
2024-02-16,35698.42626406019,-0.009067268082756041,-326.6490152590559
2024-02-20,35428.15322097782,-0.007571007222647919,-270.2730430823649
2024-02-21,35285.55517370738,-0.004024992394636384,-142.59804727044684
2024-02-22,35991.05633052192,0.019994050067837277,705.5011568145419
2024-02-23,35876.87463449,-0.003172501940019168,-114.18169603191927
2024-02-26,35867.017221882925,-0.0002747567258157835,-9.857412607074366
2024-02-27,35948.34087589127,0.002267365962027368,81.32365400834533
2024-02-28,35756.12133005336,-0.0053471047941136,-192.21954583790648
2024-02-29,36260.792254627544,0.014114252491642665,504.6709245741804
2024-03-01,36804.17974474449,0.014985538272336063,543.3874901169474
2024-03-04,36658.01016153674,-0.003971548455135032,-146.16958320775302
2024-03-05,36009.743930926095,-0.017684163099797368,-648.2662306106431
2024-03-06,35877.03100510479,-0.003685472634181286,-132.71292582130263
2024-03-07,36047.6211597753,0.004754857074049212,170.5901546705063
2024-03-08,35520.87649916131,-0.014612466611299335,-526.7446606139856
2024-03-11,35387.36978794578,-0.00375854214123017,-133.50671121553023
2024-03-12,35876.215775719524,0.013814137380175007,488.8459877737405
2024-03-13,35596.444524206105,-0.007798237508170103,-279.771251513419
2024-03-14,35497.01822599502,-0.0027931525055394646,-99.4262982110813
2024-03-15,35067.04523655447,-0.012112932604735782,-429.97298944055365
2024-03-18,35235.59410741688,0.0048064748462670615,168.5488708624107
2024-03-19,35324.99797387454,0.0025373168445834704,89.4038664576583
2024-03-20,35185.034562026194,-0.0039621633369054665,-139.96341184834455
2024-03-21,34537.40803662359,-0.01840630635905538,-647.6265254026075
2024-03-22,34568.39718694806,0.0008972633467922986,30.989150324472575
2024-03-25,34455.286788263744,-0.003272075302554689,-113.11039868431544
2024-03-26,34344.50057585375,-0.0032153617844135063,-110.786212409992
2024-03-27,34470.39399904692,0.0036656064604905225,125.89342319317075
2024-03-28,34395.63267388914,-0.00216885612505191,-74.7613251577859
2024-04-01,34845.36496520763,0.013075273119191655,449.73229131849075
2024-04-02,34538.40563878768,-0.008809186723297113,-306.95932641995023
2024-04-03,34615.92852989884,0.002244541682726142,77.52289111116261
2024-04-04,34201.36525273521,-0.011976084270152065,-414.5632771636301
2024-04-05,34615.48434767574,0.012108262108262213,414.11909494052816
2024-04-08,34624.1281997523,0.0002497105627567997,8.643852076558687
2024-04-09,35079.70155963953,0.013157684642886913,455.5733598872321
2024-04-10,35450.647298304575,0.010574369854156052,370.9457386650465
2024-04-11,35715.681512302435,0.007476145971826442,265.0342139978602
2024-04-12,35140.81185746652,-0.01609572127688219,-574.8696548359148
2024-04-15,34513.5383801425,-0.017850284161569308,-627.2734773240227
2024-04-16,34805.28803547117,0.00845319457296001,291.7496553286692
2024-04-17,34153.339635120814,-0.018731303119397635,-651.948400350353
2024-04-18,33957.62768418212,-0.005730389854391671,-195.71195093869028
2024-04-19,33258.198089024176,-0.0205971277399849,-699.4295951579479
2024-04-22,33745.52638520719,0.014652877310988188,487.32829618301184
2024-04-23,33716.15873601839,-0.0008702679239186439,-29.36764918879635
2024-04-24,34244.64602565575,0.01567459964152973,528.4872896373563
2024-04-25,35124.818191695944,0.025702475224324894,880.1721660401963
2024-04-26,35212.42422609851,0.0024941348856086787,87.60603440256818
2024-04-29,35350.480128991694,0.003920658856281234,138.05590289318206
2024-04-30,34679.806186534275,-0.01897213107177531,-670.6739424574189
2024-05-01,35527.23116396152,0.024435689544201944,847.4249774272466
2024-05-02,35541.02094117879,0.00038814669101627786,13.78977721726551
2024-05-03,35970.619873513024,0.012087411136703974,429.59893233423645
2024-05-06,36370.816560587446,0.01112565445026159,400.1966870744218
2024-05-07,36367.925562848,-7.948674274682599e-05,-2.8909977394432644
2024-05-08,36350.579576411335,-0.0004769583683482681,-17.345986436666863
2024-05-09,36429.04951505338,0.0021586984184693847,78.46993864204705
2024-05-10,36876.58879451695,0.012285230754610632,447.53927946357
2024-05-13,36963.345461816185,0.002352621816043232,86.7566672992325
2024-05-14,37202.7604956131,0.006477093206951112,239.41503379691858
2024-05-15,37354.223874529125,0.004071294089423416,151.4633789160216
2024-05-16,37281.63373891923,-0.0019432912286900805,-72.59013560989843
2024-05-17,37265.960868730726,-0.00042039118506065343,-15.672870188500383
2024-05-20,37525.80055869797,0.006972574540142107,259.83968996724434
2024-05-21,37598.39069430787,0.0019344060494153048,72.59013560989843
2024-05-22,37588.49203945197,-0.0002632733655112407,-9.898654855896893
2024-05-23,38402.44824883851,0.021654399131846747,813.9562093865388
2024-05-24,38489.01544146385,0.002254210254106992,86.5671926253417
2024-05-28,38629.35442049759,0.0036462085980655257,140.33897903373872
2024-05-29,38364.64317261957,-0.006852593108249261,-264.7112478780182
2024-05-30,37946.14729502195,-0.010908374038945956,-418.49587759762653
2024-05-31,37808.32252733619,-0.0036321149183922152,-137.82476768575725
2024-06-03,37814.56842287448,0.0001651989594029235,6.245895538289915
2024-06-04,37914.70630681457,0.002648129758358486,100.13788394009316
2024-06-05,38513.29914381533,0.015787880094779272,598.5928370007605
2024-06-06,38498.34542642305,-0.0003882741215298635,-14.953717392279941
2024-06-07,38461.791895019705,-0.0009494831790423097,-36.55353140334773
2024-06-10,38614.65211725189,0.003974339590038234,152.86022223218606
2024-06-11,38883.81903031292,0.006970590133603016,269.16691306103166
2024-06-12,39166.570986641855,0.00727171258842918,282.75195632893156
2024-06-13,39805.27114129571,0.016307277828117472,638.7001546538522
2024-06-14,40010.74786975641,0.005162048205407999,205.47672846070054
2024-06-17,40501.66089883888,0.012269528944585106,490.913029082476
2024-06-18,40516.690893606,0.00037109576332339245,15.029994767115568
2024-06-20,40195.21600553151,-0.00793438163345217,-321.47488807448826
2024-06-21,40084.99604390597,-0.002742116415305973,-110.21996162553842
2024-06-24,40486.92848080055,0.010027004529433725,401.9324368945745
2024-06-25,40114.16866957812,-0.009206917521520475,-372.75981122242956
2024-06-26,40200.36191417438,0.0021486982643523778,86.19324459625932
2024-06-27,40299.10757303223,0.0024563375590664904,98.74565885785705
2024-06-28,40594.11882479396,0.007320540565993738,295.01125176172354
2024-07-01,40978.95985979884,0.009480216498007232,384.8410350048798
2024-07-02,41410.057769267194,0.010519981740465534,431.0979094683571
2024-07-03,41704.25870945665,0.007104576908071758,294.20094018945383
2024-07-05,42194.026748615965,0.011743837543580549,489.7680391593167
2024-07-08,42294.36117330485,0.002377929589101768,100.33442468888825
2024-07-09,42324.97167575231,0.0007237490199232255,30.61050244746002
2024-07-10,42766.27308603648,0.010426502199810894,441.30141028416983
2024-07-11,41826.70071924648,-0.021969937967233788,-939.572366790002
2024-07-12,42075.83619749939,0.005956374133479603,249.1354782529088
2024-07-15,42487.60819183062,0.009786424502615132,411.77199433123315
2024-07-16,43129.869028131194,0.015116427203922145,642.2608363005711
2024-07-17,41863.03013367503,-0.029372658044240274,-1266.8388944561666
2024-07-18,42145.36923470103,0.006744354150295617,282.339101026002
2024-07-19,42521.58731408521,0.008926676553456803,376.2180793841835
2024-07-22,42645.15683623094,0.002906042082412963,123.56952214572811
2024-07-23,42493.96736389882,-0.0035452905686976788,-151.18947233212384
2024-07-24,40965.27381031842,-0.035974366443344064,-1528.6935535804005
2024-07-25,40203.83278315516,-0.018587475594303626,-761.4410271632587
2024-07-26,40025.408694080674,-0.004437987045584402,-178.42408907448407
2024-07-29,39854.39523975161,-0.004272622314393848,-171.01345432906237
2024-07-30,40741.80479669974,0.02226629087230525,887.4095569481287
2024-07-31,39568.217788526425,-0.02880547423044899,-1173.5870081733156
2024-08-01,40544.20229898388,0.02466586985730901,975.984510457456
2024-08-02,41268.066195350795,0.01785369683756377,723.8638963669146
2024-08-05,42461.18624736658,0.028911460167964087,1193.1200520157872
2024-08-06,42548.87781855086,0.0020652171767745475,87.6915711842812
2024-08-07,43003.904489990084,0.01069421086449518,455.0266714392201
2024-08-08,41672.012462100705,-0.03097142093689187,-1331.8920278893784
2024-08-09,41416.64641193469,-0.006127998987288108,-255.36605016601243
2024-08-12,41558.18046910691,0.003417322971167369,141.53405717221904
2024-08-13,41374.67664706847,-0.0044155884585672656,-183.50382203844492
2024-08-14,41260.12047237559,-0.002768750935990605,-114.55617469287972
2024-08-15,41535.52029410701,0.006674721706539932,275.399821731422
2024-08-16,41581.915003702314,0.0011169887668864842,46.39470959530445
2024-08-19,42128.147056296104,0.013136288998357948,546.2320525937903
2024-08-20,42035.357637105495,-0.002202551635290595,-92.7894191906089
2024-08-21,42583.72293315447,0.013045334377384421,548.365296048978
2024-08-22,41944.52281083176,-0.015010433055045347,-639.2001223227126
2024-08-23,41738.88245592657,-0.004902674798152318,-205.64035490519018
2024-08-26,41331.07578387479,-0.009770426232240337,-407.8066720517818
2024-08-27,41015.52987418345,-0.0076345922216340956,-315.54590969134006
2024-08-28,40456.6970244006,-0.013624908699146121,-558.8328497828479
2024-08-29,40119.26078468063,-0.008340676934561753,-337.43623971997295
2024-08-30,40389.89555590737,0.006745756674811032,270.6347712267452
2024-09-03,41629.967092604624,0.030702519024362163,1240.0715366972508
2024-09-04,41469.96902369835,-0.003843338827301035,-159.99806890627224
2024-09-05,42021.580440087746,0.013301466805392792,551.6114163893944
2024-09-06,43049.00181787178,0.024449850934304518,1027.4213777840341
2024-09-09,43789.203767688254,0.017194404482316683,740.2019498164736
2024-09-10,43643.73503357204,-0.0033220228184087652,-145.46873411621345
2024-09-11,43997.96523723379,0.00811640441381245,354.2302036617475
2024-09-12,44447.85370662508,0.010225210801579676,449.88846939129144
2024-09-13,44645.09082264214,0.004437494717268287,197.23711601705872
2024-09-16,44423.901775207574,-0.004954386772630048,-221.1890474345637
2024-09-17,43878.41972869496,-0.012279021533787127,-545.4820465126177
2024-09-18,44536.75186712065,0.01500355168887646,658.3321384256924
2024-09-19,43148.495563311495,-0.031171027199090262,-1388.256303809154
2024-09-20,43060.12955804127,-0.0020479510146667046,-88.36600527022529
2024-09-23,43113.684712750495,0.0012437295302847318,53.55515470922546
2024-09-24,42834.409372361304,-0.0064776495502505416,-279.2753403891911
2024-09-25,42885.59708728037,0.0011950139074892174,51.18771491906227
2024-09-26,43876.10669867867,0.02309655638890673,990.5096113983018
2024-09-27,43637.64959705542,-0.005434782608695565,-238.45710162325122
2024-09-30,43274.87009343715,-0.008313451961050267,-362.77950361826515
2024-10-01,43891.569642565744,0.014250754486311301,616.6995491285925
2024-10-02,43811.14002483783,-0.0018324616408778027,-80.4296177279175
2024-10-03,43782.95922762717,-0.000643233597543369,-28.18079721065442
2024-10-04,44581.73679092041,0.018244028667418366,798.7775632932389
2024-10-07,44085.15464405648,-0.011138690024410813,-496.5821468639333
2024-10-08,44132.20493646173,0.0010672593253926443,47.05029240524891
2024-10-09,44478.53086570378,0.0078474649009872,346.3259292420553
2024-10-10,44427.12311058192,-0.0011557880649674113,-51.40775512186519
2024-10-11,44493.86300319627,0.0015022330491269997,66.73989261435054
2024-10-14,44777.12668235366,0.006366353920248313,283.26367915738956
2024-10-15,44172.297956111615,-0.01350753768844215,-604.8287262420417
2024-10-16,44185.79859732238,0.00030563592648436,13.500641210761387
2024-10-17,44486.43322183497,0.006803874413414013,300.63462451258965
2024-10-18,44753.99737963307,0.006014511355942442,267.5641577981005
2024-10-21,44841.784031992465,0.0019615376837678333,87.78665235939843
2024-10-22,44891.55996889727,0.0011100347138128797,49.77593690480717
2024-10-23,44198.31692036845,-0.015442614358002427,-693.2430485288205
2024-10-24,44265.85865664197,0.0015281517709193615,67.54173627351702
2024-10-25,44058.39104048506,-0.004686853987543205,-207.46761615690775
2024-10-28,44069.06582429393,0.00024228719108387864,10.674783808870416
2024-10-29,44490.71978474439,0.009568025837707106,421.6539604504578
2024-10-30,44066.188929065094,-0.009542009159062115,-424.5308556792952
2024-10-31,42956.54476787792,-0.025181305398871978,-1109.6441611871778
2024-11-01,43023.12875481267,0.0015500312535505767,66.58398693475465
2024-11-04,42896.01897761339,-0.002954452195322088,-127.10977719927905
2024-11-05,42955.293674132256,0.0013818227875597167,59.27469651886349
2024-11-06,44052.826797189344,0.02555059060667131,1097.5331230570882
2024-11-07,44650.491079112275,0.01356699048336818,597.664281922931
2024-11-08,44699.17541517984,0.001090342679127554,48.68433606756298
2024-11-11,44670.48643142574,-0.0006418235568692587,-28.688983754094806
2024-11-12,44590.50502217188,-0.0017904754490786212,-79.98140925386542
2024-11-13,44534.8657809518,-0.0012477822619952894,-55.639241220080294
2024-11-14,44221.89504908887,-0.007027544068557434,-312.9707318629298
2024-11-15,43160.40265018707,-0.024003774549315016,-1061.4923989017989
2024-11-18,43469.02656632969,0.007150626435161067,308.62391614262015
2024-11-19,43762.87130902323,0.006759864802704074,293.84474269353814
2024-11-20,43486.39635653314,-0.006317568848209443,-276.4749524900835
2024-11-21,43191.00614470802,-0.006792703847044446,-295.3902118251208
2024-11-22,43183.10516076343,-0.00018293123151891244,-7.900983944593463
2024-11-25,43830.463464702276,0.01499100867176728,647.3583039388468
2024-11-26,44083.679469943476,0.005777169238585067,253.21600524120004
2024-11-27,43735.71875627928,-0.007893186726880108,-347.96071366419346
2024-11-29,44131.286035245794,0.009044490183660603,395.56727896651137
2024-12-02,44321.608292829565,0.004312637919315687,190.32225758377172
2024-12-03,44460.086440222265,0.003124393557151217,138.4781473926996
2024-12-04,44690.73183667805,0.0051876956372070016,230.6453964557877
2024-12-05,44566.8874770733,-0.00277114190157679,-123.84435960475093
2024-12-06,44969.168121030794,0.00902644691452692,402.28064395749243
2024-12-09,44614.71702285169,-0.00788209150823349,-354.4510981791027
2024-12-10,44460.125098103694,-0.003465043265181267,-154.59192474799784
2024-12-11,44494.74593872559,0.0007786941792335966,34.620840621893876
2024-12-12,44478.86179992105,-0.00035698908869852275,-15.884138804540271
2024-12-13,45236.915365170324,0.017043007275213684,758.0535652492763
2024-12-16,44822.39897109307,-0.009163232964297219,-414.5163940772545
2024-12-17,44626.68615507287,-0.004366406540319612,-195.71281602019735
2024-12-18,43290.52496030332,-0.029940856242978375,-1336.1611947695492
2024-12-19,43487.05094225357,0.004539699671705533,196.5259819502462
2024-12-20,42751.81931226897,-0.01690690939150863,-735.2316299845988
2024-12-23,43089.66762031473,0.00790254808989621,337.84830804575904
2024-12-24,43153.40111500352,0.0014790899584182782,63.733494688793144
2024-12-26,43126.5259312488,-0.0006227825167963719,-26.875183754724276
2024-12-27,42558.07507486109,-0.013181002738173686,-568.4508563877098
2024-12-30,41987.99541945793,-0.013395334596322028,-570.0796554031549
2024-12-31,42474.81534975612,0.01159426463289992,486.8199302981884
2025-01-02,43719.51057432728,0.029304311609639644,1244.6952245711582
2025-01-03,44619.07699272828,0.020575857473785097,899.566418401002
2025-01-06,44811.09052841118,0.004303395512063046,192.01353568289778
2025-01-07,44652.68421100346,-0.003534980192175463,-158.40631740771641
2025-01-08,44692.98176317085,0.0009024665119115038,40.29755216738704
2025-01-10,43986.85828688359,-0.015799426407238304,-706.1234762872627
2025-01-13,44126.48278730788,0.003174232165290336,139.62450042429555
2025-01-14,43940.427582056196,-0.004216406871775491,-186.05520525168686
2025-01-15,44232.226684161986,0.0066407888626225375,291.79910210578964
2025-01-16,43935.93507607107,-0.006698546067024136,-296.29160809091263
2025-01-17,44224.58243568286,0.006569732933008554,288.64735961178667
2025-01-21,44470.38757418232,0.005558111008892919,245.80513849946146
2025-01-22,44539.82058698731,0.0015613314070890283,69.43301280499145
2025-01-23,44641.21695377299,0.0022765328968412657,101.39636678568058
2025-01-24,44383.117111045816,-0.005781648896230673,-258.099842727177
2025-01-27,43336.82081595418,-0.023574195847349322,-1046.2962950916335
2025-01-28,43829.75300466917,0.011374442781772132,492.9321887149854
2025-01-29,43782.363540232975,-0.0010812167805541728,-47.38946443619352
2025-01-30,43685.127809288366,-0.0022208881175466155,-97.2357309446088
2025-01-31,43083.34785149825,-0.013775396524355998,-601.7799577901169
2025-02-03,42576.165964742344,-0.011772109458718982,-507.181886755905
2025-02-04,42123.18054242482,-0.010639413203449077,-452.9854223175207
2025-02-05,42308.685074115456,0.004403858618980516,185.50453169063258
2025-02-06,42528.72075239784,0.005200721267913044,220.03567828238738
2025-02-07,42658.65691868299,0.003055256870801104,129.93616628514428
2025-02-10,42892.522832713454,0.005482261536650546,233.86591403046623
2025-02-11,42789.99542630324,-0.0023903328514874866,-102.52740641021228
2025-02-12,42366.65763717495,-0.009893382434625564,-423.3377891282944
2025-02-13,42442.30842631751,0.0017856208953379582,75.65078914256446
2025-02-14,42619.718986284206,0.004180040307531607,177.41055996669456
2025-02-18,42714.76035769494,0.0022299858767562686,95.04137141073443
2025-02-19,42733.76863197708,0.0004450048208854973,19.00827428213961
2025-02-20,42298.35404849709,-0.01018900502854736,-435.41458347999287
2025-02-21,41640.12429075406,-0.015561592703780769,-658.229757743029
2025-02-24,40764.009831386604,-0.0210401499584858,-876.1144593674544
2025-02-25,39845.94593571523,-0.022521432495693827,-918.0638956713738
2025-02-26,39994.758588914556,0.0037346999727252417,148.81265319932572
2025-02-27,40681.39981156436,0.017168280216601328,686.6412226498069
2025-02-28,40463.021864721486,-0.005368004735687548,-218.37794684287655
2025-03-03,41346.9014663301,0.021844132268807215,883.8796016086126
2025-03-04,41492.86323540308,0.0035301743031903587,145.96176907297922
2025-03-05,40524.06645125219,-0.02334851607262134,-968.7967841508871
2025-03-06,40498.90976276807,-0.0006207839115648373,-25.15668848412315
2025-03-07,40212.314835596946,-0.007076608453163824,-286.5949271711215
2025-03-10,41295.4405943802,0.02693517553544167,1083.1257587832515
2025-03-11,41866.89149869599,0.013838111328773772,571.4509043157959
2025-03-12,41390.21287055072,-0.011385574879857474,-476.67862814527325
2025-03-13,42326.02824699696,0.02260958114356737,935.8153764462404
2025-03-14,42778.15664256369,0.010682041625268868,452.12839556673134
2025-03-17,43660.979501117414,0.02063723469737644,882.8228585537217
2025-03-18,42937.411800728085,-0.016572411078656923,-723.5677003893288
2025-03-19,43619.85243831868,0.015893846623960428,682.4406375905965
2025-03-20,43842.745139169114,0.005109891216748652,222.89270085043245
2025-03-21,43505.26626312139,-0.00769748506797352,-337.47887604772404
2025-03-24,44036.169865924465,0.012203203161478271,530.903602803075
2025-03-25,44305.5316960759,0.006116831481292717,269.36183015143615
2025-03-26,43492.95684178573,-0.018340257371567414,-812.5748542901711
2025-03-27,43353.11042316007,-0.0032153808060091382,-139.8464186256606
2025-03-28,42222.30884095475,-0.02608351675734033,-1130.8015822053203
2025-03-31,41026.1672301315,-0.028329611611931038,-1196.1416108232515
2025-04-01,40697.903546019545,-0.008001324673362675,-328.2636841119529
2025-04-02,40180.20338371099,-0.012720560942977244,-517.7001623085525
2025-04-03,41455.56668281497,0.03174108619920557,1275.3632991039776
2025-04-04,41583.40860231937,0.003083829983136832,127.84191950439708
2025-04-07,41697.71721026054,0.0027488994236706255,114.30860794117325
2025-04-08,42458.481003795605,0.01824473483042044,760.7637935350649
2025-04-09,38258.59225323711,-0.09891754606536773,-4199.8887505584935
2025-04-10,40137.914954551554,0.04912158526050914,1879.3227013144424
2025-04-11,39339.5747041251,-0.019889928296734416,-798.3402504264523
2025-04-14,39393.88754745085,0.0013806159251654737,54.3128433257516
2025-04-15,38685.346907832325,-0.01798605529259012,-708.5406396185281
2025-04-16,36938.73997721336,-0.045149056948623256,-1746.6069306189675
2025-04-17,36952.2534524851,0.00036583476534612913,13.513475271742209
2025-04-21,37876.69061458779,0.02501707137539988,924.4371621026876
2025-04-22,38577.05462874678,0.018490633759044917,700.3640141589931
2025-04-23,37714.424338495475,-0.022361227381223925,-862.6302902513053
2025-04-24,36778.79519887645,-0.024808257212719065,-935.6291396190281
2025-04-25,36614.786072799914,-0.004459339279323182,-164.009126076533
2025-04-28,37177.20971202218,0.015360560569820603,562.4236392222665
2025-04-29,37284.39855203904,0.002883186792315806,107.18884001686092
2025-04-30,36196.35156977661,-0.029182366472770283,-1088.046982262429
2025-05-01,35754.121700419164,-0.012217526081460206,-442.2298693574485
2025-05-02,35247.541870024674,-0.014168431674509652,-506.5798303944903
2025-05-05,35037.726489666755,-0.00595262447326439,-209.8153803579189
2025-05-06,34557.689689681734,-0.013700569302822485,-480.0367999850205
2025-05-07,34140.95309551549,-0.01205915667130586,-416.73659416624287
2025-05-08,33791.40567498068,-0.010238361523091988,-349.5474205348146
2025-05-09,33953.618479636585,0.004800416005659391,162.21280465590826
2025-05-12,35220.31304599988,0.03730661481994879,1266.6945663632941
2025-05-13,35238.38708776786,0.0005131709574635046,18.074041767977178
2025-05-14,35416.92554254614,0.005066589862174897,178.53845477828145
2025-05-15,35457.21084439711,0.0011374590321957534,40.28530185097043
2025-05-16,35609.47562935928,0.0042943249436731,152.2647849621717
2025-05-19,35170.63724484247,-0.01232364073777581,-438.8383845168064
2025-05-20,35050.039883257385,-0.0034289217094800595,-120.59736158508895
2025-05-21,35012.741218939394,-0.001064154689758512,-37.29866431799019
2025-05-22,34821.542826380915,-0.005460823286097205,-191.1983925584791
2025-05-23,34500.878702477814,-0.009208785650363649,-320.6641239031014
2025-05-27,34817.087452189,0.009165237570847085,316.2087497111861
2025-05-28,34916.86034434072,0.002865630052735657,99.77289215171913
2025-05-29,35470.262823667115,0.015849147771846983,553.4024793263961
2025-05-30,34754.47794740804,-0.02017985826091695,-715.7848762590729
2025-06-02,34892.71950742708,0.003977661820391276,138.24156001903611
2025-06-03,35173.48315706349,0.00804648229200522,280.7636496364139
2025-06-04,35290.075364540906,0.0033147757063689554,116.59220747741347
2025-06-05,35060.558550575406,-0.006503721275588847,-229.51681396549975
2025-06-06,34662.70512438157,-0.011347606616703532,-397.853426193833
2025-06-09,34717.658831735636,0.0015853842669482088,54.953707354063226
2025-06-10,34846.03837177651,0.0036978167411312324,128.37954004087078
2025-06-11,34726.68475528263,-0.0034251703226771957,-119.35361649387778
2025-06-12,34805.6016273906,0.0022725138510655274,78.91687210796954
2025-06-13,34367.319494691765,-0.012592287224075016,-438.2821326988342
2025-06-16,34504.34516457061,0.003987092153055594,137.02566987884347
2025-06-17,34163.99684065707,-0.009863926479121043,-340.3483239135385
2025-06-18,34161.41355167101,-7.561436672964827e-05,-2.583288986061234
2025-06-20,34733.69286238074,0.016752214010234967,572.2793107097314
2025-06-23,34261.17438226811,-0.013604038072911218,-472.51848011263064
2025-06-24,33690.60444048491,-0.016653543028533724,-570.5699417832002
2025-06-25,34013.915319129075,0.009596470114251021,323.3108786441662
2025-06-26,34330.69217891143,0.009313154831199322,316.7768597823524
2025-06-27,34456.397281999656,0.0036615953570970916,125.7051030882285
2025-06-30,34660.634461088965,0.005927409572677567,204.23717908930848
2025-07-01,34367.8374257241,-0.008447538249582998,-292.7970353648634
2025-07-02,34608.48391616346,0.007002084171267464,240.64649043935788
2025-07-03,34638.050695234415,0.000854321707433936,29.566779070955818
2025-07-07,34403.11294246641,-0.00678264937121098,-234.93775276800443
2025-07-08,34419.315546105594,0.00047096330109086537,16.202603639183508
2025-07-09,34546.484946599456,0.0036947103240190238,127.16940049386176
2025-07-10,34497.422056749725,-0.0014201991874301934,-49.06288984973071
2025-07-11,34264.39359008846,-0.006754953059330715,-233.02846666126425
2025-07-14,34386.19012095667,0.003554609263636266,121.79653086821054
2025-07-15,34412.570158541384,0.0007671695378848042,26.380037584713136
2025-07-16,34328.12002038302,-0.002454049138709835,-84.45013815836137
2025-07-17,34602.82381930452,0.00800229662324603,274.70379892149504
2025-07-18,34569.56371808981,-0.0009611961552152826,-33.26010121470608
2025-07-21,34584.32650790832,0.0004270458817154932,14.76278981850919
2025-07-22,34408.38880038262,-0.005087209302325646,-175.9377075256998
2025-07-23,34564.096736659725,0.004525289957063361,155.70793627710373
2025-07-24,34641.3376814271,0.0022347161378428737,77.2409447673781
2025-07-25,34721.030719679155,0.0023005185014775,79.69303825205134
2025-07-28,34831.98794986087,0.003195677889793469,110.95723018171702
2025-07-29,35324.563674870005,0.014141476097148775,492.57572500913375
2025-07-30,35285.16516740919,-0.0011153289202222583,-39.39850746081356
2025-07-31,35855.42824738463,0.016161553368670534,570.2630799754406
2025-08-01,34938.15559302907,-0.025582532386082102,-917.2726543555618
2025-08-04,35467.991030241225,0.015164951561377427,529.8354372121539
2025-08-05,35222.1483694927,-0.006931395142705132,-245.84266074852349
2025-08-06,35670.449692034126,0.012727824488119932,448.3013225414252
2025-08-07,36009.15018419758,0.009495268354833497,338.7004921634507
2025-08-08,35967.2279681373,-0.0011642100923191512,-41.922216060280334
2025-08-11,35855.172728274854,-0.0031154816813158126,-112.05523986244225
2025-08-12,35989.18430460223,0.003737579995583218,134.01157632737886
2025-08-13,36270.52702171865,0.007817424110955429,281.34271711641486
2025-08-14,36239.90315984109,-0.0008443180839148301,-30.623861877560557
2025-08-15,36075.53426853908,-0.004535577553202552,-164.3688913020087
2025-08-18,36067.40957048993,-0.00022521351974080783,-8.12469804914872
2025-08-19,35578.677733994984,-0.013550511176572577,-488.73183649494604
2025-08-20,34977.30931034581,-0.016902495032146025,-601.3684236491754
2025-08-21,35125.88258613543,0.004247704546720854,148.5732757896185
2025-08-22,35226.304786074,0.002858923179860806,100.42219993856997
2025-08-25,35125.30452409536,-0.002867182992709716,-101.00026197863917
2025-08-26,35266.95123296784,0.004032611554308785,141.64670887248212
2025-08-27,35321.762350748926,0.001554177944643298,54.81111778108607
2025-08-28,35539.15925610539,0.006154758168567254,217.39690535646514
2025-08-29,35122.841103071485,-0.011714350078846802,-416.3181530339061
2025-09-02,35285.818360822705,0.0046402071311073545,162.97725775121944
2025-09-03,35350.8056811488,0.0018417404879647048,64.98732032609405
2025-09-04,35510.7197806007,0.004523633800436411,159.9140994519039
2025-09-05,36100.00211991665,0.0165944915495031,589.2823393159488
2025-09-08,36266.97118116379,0.004625181480391705,166.9690612471386
2025-09-09,36283.99783738296,0.0004694810640268887,17.026656219168217
2025-09-10,36298.37466909277,0.0003962306406877225,14.376831709814724
2025-09-11,36229.75331177031,-0.0018904801646915104,-68.62135732245952
2025-09-12,36389.16447445285,0.0044000068482594745,159.41116268253973
2025-09-15,36516.30066327676,0.0034937924698206224,127.13618882390438
2025-09-16,36483.592129642246,-0.0008957241845531927,-32.708533634511696
2025-09-17,36401.00721271039,-0.002263618029671899,-82.58491693185351
2025-09-18,35800.339894521014,-0.016501392796066328,-600.6673181893784
2025-09-19,36045.06995493739,0.006835970304679417,244.73006041637564
2025-09-22,36212.83331330636,0.0046542664108768506,167.7633583689676
2025-09-23,35966.299345810745,-0.00680791710945805,-246.53396749561216
2025-09-24,35841.2284549837,-0.00347744675159678,-125.07089082704624
2025-09-25,35475.57148327651,-0.010202132780310569,-365.6569717071907
2025-09-26,35399.96326987177,-0.002131275416955014,-75.60821340473922
2025-09-29,35345.72712098707,-0.001532096190926313,-54.236148884701834
2025-09-30,35438.99851781573,0.00263883089770367,93.27139682866255
2025-10-01,35612.554154952595,0.004897306481435049,173.5556371368657
2025-10-02,35773.08560072125,0.0045077206501440426,160.53144576865452
2025-10-03,35622.776036821895,-0.0042017500412747655,-150.30956389935454
2025-10-06,35884.53270642962,0.007348014352872356,261.7566696077265
2025-10-07,35693.21466662637,-0.005331490349015144,-191.31803980324912
2025-10-08,36105.375135091395,0.01154730590434605,412.16046846502286
2025-10-09,36061.08855180361,-0.0012265925259627997,-44.286583287786925
2025-10-10,36096.15286772888,0.000972358775994886,35.06431592527224
2025-10-13,35418.457220870645,-0.01877473340002711,-677.6956468582357
2025-10-14,34675.52348490344,-0.020975892070460578,-742.9337359672063
2025-10-15,34433.753333099805,-0.006972357660552486,-241.77015180363378
2025-10-16,34562.579764352835,0.003741283443800203,128.82643125303002
2025-10-17,34557.159054694865,-0.00015683753050055316,-5.420709657970292
2025-10-20,34104.21650918569,-0.013107053875357266,-452.94254550917685
2025-10-21,34096.40915032495,-0.00022892649824202138,-7.807358860736713
2025-10-22,34383.605328706966,0.008423062297141515,287.1961783820152
2025-10-23,34585.34870353265,0.005867429343055175,201.7433748256808
2025-10-24,34827.02590804104,0.006987849293643489,241.6772045083926
2025-10-27,35182.63612283538,0.0102107545942427,355.6102147943384
2025-10-28,35435.645549927794,0.007191315233147089,253.00942709241644
2025-10-29,35301.29304841104,-0.003791450654608619,-134.35250151675427
2025-10-30,35853.18476670156,0.015633753628618408,551.8917182905207
2025-10-31,35612.9414485403,-0.006700752519602782,-240.24331816125778
2025-11-03,35958.570676226474,0.009705158114658774,345.62922768617136
2025-11-04,36045.26468845249,0.0024109415528945632,86.694012226013
2025-11-05,35893.62218548186,-0.004207002064801291,-151.64250297062972
2025-11-06,36098.213652878876,0.005699939291158307,204.59146739701828
2025-11-07,36212.051334629825,0.0031535544347323086,113.83768175094883
2025-11-10,35596.868571759805,-0.016988343388371296,-615.1827628700194
2025-11-11,35502.04716890811,-0.0026637568599762185,-94.8214028516959
2025-11-12,35474.62893193894,-0.0007723001673317631,-27.41823696916981
2025-11-13,35044.91581573049,-0.012113251897092114,-429.7131162084479
2025-11-14,34580.0481579924,-0.01326491009943953,-464.8676577380902
2025-11-17,34877.81462558145,0.008610932703985386,297.76646758904826
2025-11-18,35520.823365121425,0.018436038680828215,643.0087395399751
2025-11-19,35316.01166737292,-0.005765961437414591,-204.81169774850423
2025-11-20,36157.18465528043,0.023818459338788678,841.1729879075065
2025-11-21,35941.314680157426,-0.005970320343828939,-215.8699751230015
2025-11-24,35024.7026280269,-0.025503019583103193,-916.6120521305274
2025-11-25,34378.752822726536,-0.01844269206681204,-645.9498053003626
2025-11-26,34600.19165281521,0.006441153675077027,221.43883008867124
2025-11-28,34571.06427156188,-0.0008418271651670084,-29.12738125332544
2025-12-01,34356.445409277345,-0.006208049037734753,-214.6188622845366
2025-12-02,34084.51014146129,-0.007915116496383101,-271.9352678160576
2025-12-03,34253.09748724331,0.004946157215765412,168.58734578201984
2025-12-04,34216.29159928851,-0.0010745272881819146,-36.80588795479707
2025-12-05,34281.19748429726,0.0018969292689248185,64.9058850087531
2025-12-08,34600.33586575251,0.009309429217034593,319.1383814552464
2025-12-09,34651.88880297438,0.0014899548207247815,51.552937221873435
2025-12-10,34616.17494007118,-0.001030646932589141,-35.713862903205154
2025-12-11,34089.75789021827,-0.01520725645638954,-526.4170498529056
2025-12-12,33433.15870448711,-0.019260893193951523,-656.5991857311601
2025-12-15,33698.64841196318,0.007940910095354914,265.48970747606654
2025-12-16,33728.81661060388,0.0008952346774238062,30.168198640698392
2025-12-17,33200.11553245024,-0.01567505567294114,-528.7010781536374
2025-12-18,33591.00138527792,0.011773629294922872,390.88585282768327
2025-12-19,33222.05194573095,-0.010983579659184395,-368.94943954697374
2025-12-22,33211.08305962754,-0.00033016883247682927,-10.968886103408295
2025-12-23,33374.68181169787,0.004926028813230898,163.59875207032746
2025-12-24,33427.78435745185,0.001591102682374279,53.10254575397994
2025-12-26,33462.113275919066,0.0010269576379975387,34.32891846721759
2025-12-29,33303.342028008185,-0.00474480636060548,-158.77124791088136
2025-12-30,33225.02918275485,-0.0023515010952196436,-78.31284525333467
2025-12-31,32949.325056315014,-0.008298085305608605,-275.7041264398358
2026-01-02,33539.65051249628,0.01791616232418458,590.3254561812646
2026-01-05,33015.40372963491,-0.015630657292211247,-524.2467828613662
2026-01-06,33441.88260336555,0.012917572573793112,426.47887373063713
2026-01-07,33473.52921143969,0.0009463165829950437,31.646608074137475
2026-01-08,33291.47358105536,-0.00543879401644054,-182.05563038432592
2026-01-09,32976.71168288815,-0.00945473012484277,-314.7618981672131
2026-01-12,33004.075191712735,0.0008297828203043256,27.36350882458646
2026-01-13,32948.29573141647,-0.0016900779668043153,-55.779460296267644
2026-01-14,33031.77196823292,0.002533552493789726,83.476236816452
2026-01-15,33063.62912200053,0.000964439746019341,31.857153767610725
2026-01-16,33391.19255847813,0.009907062387765508,327.56343647759786
2026-01-20,33108.11629029707,-0.008477572871508188,-283.0762681810593
2026-01-21,33539.139962890986,0.013018670975256885,431.0236725939176
2026-01-22,33174.065581240415,-0.010885025139419358,-365.074381650571
2026-01-23,33024.592910930376,-0.004505708531382546,-149.47267031003867
2026-01-26,33167.767709189015,0.004335399338450285,143.17479825863848
2026-01-27,33464.72284631803,0.008953124000767199,296.9551371290145
2026-01-28,33871.69815500222,0.012161323150744918,406.97530868418835
2026-01-29,32819.99480845587,-0.03104961970709552,-1051.7033465463464
2026-01-30,33223.97248186561,0.012308889010112178,403.9776734097395
2026-02-02,32986.936575480824,-0.0071344841895160105,-237.03590638478636
2026-02-03,32969.1931800711,-0.000537891579265648,-17.743395409721415
2026-02-04,33554.062959616014,0.017739887547459032,584.8697795449116
2026-02-05,34017.42239715021,0.013809339217485173,463.3594375341927
2026-02-06,33337.5045278547,-0.019987342408179343,-679.9178692955102
2026-02-09,32962.93655249924,-0.011235633280304191,-374.56797535545775
2026-02-10,32803.816823573026,-0.004827231599126125,-159.1197289262127
2026-02-11,33006.17895836875,0.006168859431330054,202.36213479572325
2026-02-12,32336.363515885703,-0.020293637846655832,-669.8154424830464
2026-02-13,32498.937094052868,0.005027577639869607,162.57357816716467
2026-02-17,32582.502492438514,0.0025713271219858225,83.5653983856464
2026-02-18,32599.855925882814,0.0005325997734006993,17.3534334442993
2026-02-19,32399.670464727296,-0.006140685456115125,-200.18546115551726
2026-02-20,32224.090237421864,-0.005419197935873532,-175.58022730543235
2026-02-23,32676.96782079096,0.014054006801506702,452.8775833690961
2026-02-24,32667.285779679463,-0.00029629557933885664,-9.682041111496801
2026-02-25,32994.37860017667,0.010012855757385086,327.09282049720787
2026-02-26,32537.02999255279,-0.013861409943978553,-457.3486076238805
2026-02-27,32379.29259400251,-0.004847934755765504,-157.7373985502818
2026-03-02,32010.937992112627,-0.011376239947815003,-368.35460188988145
2026-03-03,32386.029865802342,0.011717615828131578,375.0918736897147
2026-03-04,31718.222004935044,-0.020620244705340185,-667.8078608672986
2026-03-05,32400.34557998052,0.021505731782170745,682.1235750454762
2026-03-06,32107.125113843642,-0.009049917860075363,-293.2204661368778
