session_date,equity
2021-03-09,100000.0
2021-03-10,100439.93488150566
2021-03-11,100439.93488150566
2021-03-12,100439.93488150566
2021-03-15,100439.93488150566
2021-03-16,99244.15918655107
2021-03-17,98884.72949821004
2021-03-18,99349.47562155213
2021-03-19,98828.96744432594
2021-03-22,99178.50940867678
2021-03-23,98623.60380907658
2021-03-24,100174.99821717165
2021-03-25,99877.760402449
2021-03-26,101043.25960430065
2021-03-29,101802.128574962
2021-03-30,102259.04646831602
2021-03-31,102462.2960072343
2021-04-01,102585.67985694463
2021-04-05,103337.4402472913
2021-04-06,103090.4147625011
2021-04-07,103264.04367593428
2021-04-08,103219.66229219771
2021-04-09,103999.01749566529
2021-04-12,104291.96917560186
2021-04-13,104495.68121162524
2021-04-14,103800.37981196497
2021-04-15,104205.77813909591
2021-04-16,104669.09724879963
2021-04-19,103878.48741875826
2021-04-20,102322.33059975073
2021-04-21,102440.58194478025
2021-04-22,101124.54262973674
2021-04-23,101678.71421422072
2021-04-26,102233.55884704212
2021-04-27,102270.07946737425
2021-04-28,101658.96817111764
2021-04-29,100943.9967579718
2021-04-30,100554.96947689132
2021-05-03,99746.18043871185
2021-05-04,99709.3058947758
2021-05-05,98631.73394459512
2021-05-06,95999.72360692988
2021-05-07,95843.73140630123
2021-05-10,97077.03519751373
2021-05-11,97007.0390164091
2021-05-12,98150.07923421849
2021-05-13,98143.89440327793
2021-05-14,98978.11084707933
2021-05-17,99085.11725031318
2021-05-18,98185.99775607082
2021-05-19,96036.06827182385
2021-05-20,96183.1319080105
2021-05-21,95195.53129172443
2021-05-24,95574.20906923932
2021-05-25,95561.8146046287
2021-05-26,95721.31172277934
2021-05-27,95649.97986550504
2021-05-28,95381.69205659223
2021-06-01,93735.58429897796
2021-06-02,93667.19167598475
2021-06-03,92873.29037297622
2021-06-04,93300.31159840706
2021-06-07,93580.0176422968
2021-06-08,93331.88913859108
2021-06-09,92930.38688651698
2021-06-10,92711.84326538641
2021-06-11,92851.64324270198
2021-06-14,93468.39708578298
2021-06-15,92969.14274280323
2021-06-16,90764.8114281349
2021-06-17,90751.77603921846
2021-06-18,89812.85936063108
2021-06-21,90222.41590127505
2021-06-22,90916.23470711935
2021-06-23,90611.4205951743
2021-06-24,90427.84829929759
2021-06-25,90376.16422387287
2021-06-28,90724.792278278
2021-06-29,91001.27801870754
2021-06-30,91011.10183521967
2021-07-01,91005.4990266474
2021-07-02,91354.99988122593
2021-07-06,91450.4980163945
2021-07-07,91218.00109483898
2021-07-08,91715.66943836209
2021-07-09,92282.27261029469
2021-07-12,92482.6882457977
2021-07-13,91830.74173780541
2021-07-14,90677.2250287746
2021-07-15,90001.69154765665
2021-07-16,90158.83207676484
2021-07-19,89683.59726333564
2021-07-20,90462.22534302798
2021-07-21,90876.07498551709
2021-07-22,91155.20087901455
2021-07-23,91865.00364764892
2021-07-26,91933.05107695013
2021-07-27,92067.30904048122
2021-07-28,92199.36295086575
2021-07-29,92039.42610237481
2021-07-30,92032.91208338556
2021-08-02,91854.98882355684
2021-08-03,92682.4817302925
2021-08-04,92713.55819737226
2021-08-05,92932.82904131303
2021-08-06,92797.33066173749
2021-08-09,92835.75307609029
2021-08-10,92020.56002505048
2021-08-11,91760.76152245216
2021-08-12,92344.58191041499
2021-08-13,92480.66349132189
2021-08-16,91881.43917027979
2021-08-17,91981.76814312227
2021-08-18,90918.32000737713
2021-08-19,90807.12219171917
2021-08-20,91030.7139190158
2021-08-23,91610.44195556763
2021-08-24,91713.4329953475
2021-08-25,91588.72517790657
2021-08-26,91182.36892315143
2021-08-27,91846.7964984936
2021-08-30,92214.98104343408
2021-08-31,92326.9007778892
2021-09-01,91939.69504381173
2021-09-02,91633.14438349685
2021-09-03,91670.96739226843
2021-09-07,91821.73319631313
2021-09-08,91437.0385916967
2021-09-09,90847.38135480841
2021-09-10,89580.97606129547
2021-09-13,89503.52987253996
2021-09-14,89182.48500728488
2021-09-15,89969.65917119179
2021-09-16,90519.85039254357
2021-09-17,90753.11140404287
2021-09-20,91295.85203934244
2021-09-21,90953.6900121962
2021-09-22,91434.42201607507
2021-09-23,91533.66369870977
2021-09-24,91905.70971685197
2021-09-27,92375.82525840448
2021-09-28,92517.21498349027
2021-09-29,92245.67185638797
2021-09-30,93241.02214444605
2021-10-01,92283.68928542153
2021-10-04,93063.3520890227
2021-10-05,92843.89191947327
2021-10-06,94173.5270908754
2021-10-07,93702.11512287788
2021-10-08,93429.18922349163
2021-10-11,92197.41260802564
2021-10-12,92083.18899908634
2021-10-13,92367.07842913766
2021-10-14,92902.85886318237
2021-10-15,93216.85302714343
2021-10-18,94080.86801220111
2021-10-19,94513.99687055983
2021-10-20,94322.75518714094
2021-10-21,94870.93229715241
2021-10-22,93943.17997538588
2021-10-25,94583.83308419643
2021-10-26,94349.1381065982
2021-10-27,93972.56182605357
2021-10-28,94508.12578741112
2021-10-29,95394.84687939967
2021-11-01,95886.3284139953
2021-11-02,95886.17349020638
2021-11-03,96811.66809020938
2021-11-04,97303.1230020499
2021-11-05,96693.52583140253
2021-11-08,96601.46254415013
2021-11-09,96327.2509708419
2021-11-10,95598.35537906425
2021-11-11,95136.33912744417
2021-11-12,96098.93859005955
2021-11-15,95828.56073108145
2021-11-16,96272.19962358159
2021-11-17,95792.78255053332
2021-11-18,96231.13375252878
2021-11-19,95962.2236888129
2021-11-22,95146.76885518245
2021-11-23,96311.6179400976
2021-11-24,96521.72956463601
2021-11-29,97039.20244147924
2021-11-30,94906.07391448412
2021-12-01,97505.98837510898
2021-12-02,96765.06199692741
2021-12-03,97524.90303087376
2021-12-06,96380.79988480538
2021-12-07,96782.7976096421
2021-12-08,97382.55060752276
2021-12-09,95746.8674446543
2021-12-10,96352.4389992843
2021-12-13,96585.96156637394
2021-12-14,97387.49705382003
2021-12-15,97109.52906923143
2021-12-16,96593.80875023741
2021-12-17,95207.0867048021
2021-12-20,95211.49272686701
2021-12-21,94897.6707905566
2021-12-22,95815.6340852549
2021-12-23,96130.84070057573
2021-12-27,96809.92942721678
2021-12-28,96287.0296958062
2021-12-29,96224.60028929717
2021-12-30,95760.13081028048
2021-12-31,96158.0410437445
2022-01-03,97152.08554461157
2022-01-04,95216.80492349656
2022-01-05,97807.18314808038
2022-01-06,97512.81508341659
2022-01-07,98762.82843970066
2022-01-10,97775.7555518042
2022-01-11,99510.77228399775
2022-01-12,98551.19278740154
2022-01-13,99040.18798025887
2022-01-14,100383.69585337306
2022-01-18,101130.22819522212
2022-01-19,99922.87714013021
2022-01-20,100900.16632246846
2022-01-21,100531.79037792791
2022-01-24,98984.20795780265
2022-01-25,96868.31392500187
2022-01-26,99798.49448844315
2022-01-27,102304.21163354485
2022-01-28,101621.85007433065
2022-01-31,103440.56145034972
2022-02-01,104436.41007079833
2022-02-02,104513.74690107795
2022-02-03,103025.03153684932
2022-02-04,103725.57111875188
2022-02-07,101287.31846605166
2022-02-08,101482.02364273736
2022-02-09,102554.30159470953
2022-02-10,102108.70598568166
2022-02-11,105129.9025852647
2022-02-14,105308.04465154346
2022-02-15,105406.66428180142
2022-02-16,104103.0256590519
2022-02-17,105773.8699675277
2022-02-18,105852.13555398966
2022-02-22,105485.86773881625
2022-02-23,107027.6072859444
2022-02-24,105459.6009161171
2022-02-25,107776.30358558193
2022-02-28,107696.90314940245
2022-03-01,105079.81148055904
2022-03-02,106240.40135616875
2022-03-03,103172.92679128816
2022-03-04,103787.7967343067
2022-03-07,106425.19507751035
2022-03-08,101560.83116182816
2022-03-09,100177.69474338445
2022-03-10,100034.32289097407
2022-03-11,100376.75081486895
2022-03-14,102041.37482780857
2022-03-15,102398.83972815823
2022-03-16,103081.03467148698
2022-03-17,104055.09596865947
2022-03-18,105884.2024291136
2022-03-21,102819.62954360574
2022-03-22,104090.72073994369
2022-03-23,104078.9558450956
2022-03-24,106060.39116473825
2022-03-25,105482.36870409269
2022-03-28,105269.71457982149
2022-03-29,105857.88713346762
2022-03-30,105055.94220913
2022-03-31,103886.09980182881
2022-04-01,103706.63030159069
2022-04-04,104477.15776296316
2022-04-05,104615.46702129282
2022-04-06,104600.26722668867
2022-04-07,105285.75543410168
2022-04-08,105156.1484763507
2022-04-11,106167.27644360534
2022-04-12,106073.10903006377
2022-04-13,106652.81962260052
2022-04-14,107469.61299656896
2022-04-18,106225.53894439212
2022-04-19,106613.39580056361
2022-04-20,105575.51618431842
2022-04-21,105280.95808892668
2022-04-22,107612.89624439376
2022-04-25,104325.22033566244
2022-04-26,106316.1852866902
2022-04-27,107198.62036796605
2022-04-28,106331.38561939013
2022-04-29,107223.54842671778
2022-05-02,105972.40901823554
2022-05-03,106136.97530985117
2022-05-04,107951.35815064788
2022-05-05,107801.18955977926
2022-05-06,106006.18893340902
2022-05-09,108156.60252654721
2022-05-10,106003.89278605033
2022-05-11,109409.80988834477
2022-05-12,104262.99223074457
2022-05-13,103651.29459216706
2022-05-16,103578.61371783768
2022-05-17,104537.33133240596
2022-05-18,107422.96222014859
2022-05-19,107050.06841450102
2022-05-20,108520.78685476408
2022-05-23,110132.52338012558
2022-05-24,107438.30127644447
2022-05-25,105689.89656168777
2022-05-26,107046.00740712436
2022-05-27,108395.53877526123
2022-05-31,109172.71414373866
2022-06-01,107336.12790976156
2022-06-02,107864.62201590002
2022-06-03,106007.83090447802
2022-06-06,105785.0473590264
2022-06-07,104848.70334539
2022-06-08,103636.35424261779
2022-06-09,102137.49338054724
2022-06-10,103146.73135859495
2022-06-13,104816.90845852473
2022-06-14,105292.29066894176
2022-06-15,102075.51145856481
2022-06-16,102935.67029838091
2022-06-17,102993.591936557
2022-06-21,102357.802861052
2022-06-22,101252.73224798485
2022-06-23,101292.58079559676
2022-06-24,102873.69113708574
2022-06-27,102931.75188976234
2022-06-28,104189.3635698694
2022-06-29,104140.35377168894
2022-06-30,102418.77850730407
2022-07-01,100063.28221523238
2022-07-05,99967.2376304504
2022-07-06,100204.87864027727
2022-07-07,101017.63145008715
2022-07-08,101159.82908655405
2022-07-11,101160.73529477514
2022-07-12,100435.93918139006
2022-07-13,99912.70222609311
2022-07-14,99452.03672510218
2022-07-15,100312.6336471629
2022-07-18,99190.72214470383
2022-07-19,100831.40417668589
2022-07-20,102272.7513744071
2022-07-21,103446.56878388666
2022-07-22,102718.12931287737
2022-07-25,102942.99588101673
2022-07-26,103957.13739198189
2022-07-27,105409.31532985164
2022-07-28,105610.80840301324
2022-07-29,106439.11168064506
2022-08-01,105833.31694099566
2022-08-02,105377.70558227695
2022-08-03,106590.22167198258
2022-08-04,106740.12194076477
2022-08-05,106246.64684421635
2022-08-08,104650.82990179915
2022-08-09,104721.25252207313
2022-08-10,105296.44050176017
2022-08-11,103412.6961688827
2022-08-12,104589.5532336684
2022-08-15,105065.0035105693
2022-08-16,105161.57961358143
2022-08-17,104806.83440460048
2022-08-18,105350.33769592979
2022-08-19,105435.01262966104
2022-08-22,106309.79346535534
2022-08-23,106661.64278677393
2022-08-24,106367.93859132304
2022-08-25,105391.77744840673
2022-08-26,109535.73018068397
2022-08-29,109839.70716722454
2022-08-30,110925.75554797509
2022-08-31,112455.65192718712
2022-09-01,115174.72618331063
2022-09-02,115592.70290185949
2022-09-06,115194.7624835412
2022-09-07,113453.7873005146
2022-09-08,109275.29691131513
2022-09-09,109569.08020899816
2022-09-12,109574.6212503685
2022-09-13,111931.57072244257
2022-09-14,111655.80362208805
2022-09-15,112681.7806207346
2022-09-16,111364.58198776041
2022-09-19,111792.8725994606
2022-09-20,111709.4378042792
2022-09-21,114134.38242179819
2022-09-22,114397.50940762452
2022-09-23,114143.85781777406
2022-09-26,114241.03259188213
2022-09-27,112787.95938999123
2022-09-28,113381.9261424561
2022-09-29,113656.46781229651
2022-09-30,115681.67416647072
2022-10-03,115399.1430308486
2022-10-04,115639.86435863854
2022-10-05,115906.80428181238
2022-10-06,114899.52805608862
2022-10-07,116537.04782018263
2022-10-10,116351.73387748729
2022-10-11,112698.59326093332
2022-10-12,113233.65686362969
2022-10-13,110515.78922442142
2022-10-14,107051.01043174462
2022-10-17,107394.75005399015
2022-10-18,104735.93747712224
2022-10-19,104880.09424540232
2022-10-20,105351.46333040303
2022-10-21,108028.01289326404
2022-10-24,109085.29309763231
2022-10-25,109631.74485236799
2022-10-26,109980.44931684594
2022-10-27,110437.85009778064
2022-10-28,110151.64486900554
2022-10-31,109005.47278572994
2022-11-01,107745.45420242615
2022-11-02,102845.77194112226
2022-11-03,101728.54483216787
2022-11-04,102802.29755502299
2022-11-07,103981.38233464942
2022-11-08,103217.60569165622
2022-11-09,101818.84135912033
2022-11-10,103357.7739609617
2022-11-11,105130.8614234228
2022-11-14,105044.64285468652
2022-11-15,102608.43649738963
2022-11-16,102198.565683142
2022-11-17,102689.34073522687
2022-11-18,102253.30235116444
2022-11-21,101545.83380946825
2022-11-22,103308.1990896004
2022-11-23,103349.42518159254
2022-11-28,101973.93948663722
2022-11-29,101497.64182701915
2022-11-30,105672.63803776923
2022-12-01,105186.30736059972
2022-12-02,106361.94151202722
2022-12-05,104978.46917268186
2022-12-06,105217.47403520945
2022-12-07,104832.99649866378
2022-12-08,104382.32341865954
2022-12-09,103935.28269759804
2022-12-12,105039.9616098014
2022-12-13,102467.2896850374
2022-12-14,100705.7612057431
2022-12-15,100542.61642868389
2022-12-16,101475.12439017398
2022-12-19,102162.29641067747
2022-12-20,102060.78664318107
2022-12-21,100739.73005888813
2022-12-22,101344.44260451956
2022-12-23,99151.68382879984
2022-12-27,99217.21765880051
2022-12-28,99924.61446927996
2022-12-29,99936.93125146863
2022-12-30,100885.66422997578
2023-01-03,100389.7904854453
2023-01-04,101095.23362479733
2023-01-05,100589.53452631562
2023-01-06,100127.95179587742
2023-01-09,100943.99926160801
2023-01-10,100237.48462862108
2023-01-11,101410.3133077233
2023-01-12,102896.43947115546
2023-01-13,104205.42290318586
2023-01-17,104274.89241591988
2023-01-18,103389.33948985826
2023-01-19,103685.00440871513
2023-01-20,104290.73769541914
2023-01-23,105390.45156994252
2023-01-24,105531.25313139043
2023-01-25,107318.4031240459
2023-01-26,108443.52676828648
2023-01-27,109248.47065176541
2023-01-30,108410.29147370909
2023-01-31,109805.3153678789
2023-02-01,112171.8936887002
2023-02-02,111294.55169493379
2023-02-03,111519.000794734
2023-02-06,111818.477033241
2023-02-07,110312.94491770395
2023-02-08,108661.83064496548
2023-02-09,106125.13908531157
2023-02-10,106068.53853543763
2023-02-13,106728.68116784909
2023-02-14,105045.05026943912
2023-02-15,106417.346209979
2023-02-16,105664.03887209849
2023-02-17,105096.59411379322
2023-02-21,106189.1192351467
2023-02-22,106333.92519692224
2023-02-23,106739.07311345915
2023-02-24,106498.57879392007
2023-02-27,107010.81716362905
2023-02-28,107229.79262558956
2023-03-01,107968.99772743593
2023-03-02,106767.85325073429
2023-03-03,107797.00582680774
2023-03-06,107235.63758009575
2023-03-07,105724.58442435318
2023-03-08,106152.69480837793
2023-03-09,105418.36420613699
2023-03-10,105993.49791327189
2023-03-13,104136.639120869
2023-03-14,103482.3545017588
2023-03-15,102146.61618901684
2023-03-16,101564.29852752424
2023-03-17,100022.12531323222
2023-03-20,100374.90038379427
2023-03-21,100341.83451806394
2023-03-22,98844.82361722588
2023-03-23,98513.90863684395
2023-03-24,99015.83817618874
2023-03-27,98255.24975955773
2023-03-28,98070.85112559999
2023-03-29,98437.57431472912
2023-03-30,98435.62173051323
2023-03-31,99569.14987834445
2023-04-03,99723.70639079511
2023-04-04,99254.61846095067
2023-04-05,98770.86603327694
2023-04-06,100132.14135804822
2023-04-10,101441.79938716213
2023-04-11,101154.60971756719
2023-04-12,99512.48284977829
2023-04-13,100572.05374039823
2023-04-14,100142.03666547073
2023-04-17,100304.93155117212
2023-04-18,99577.84521720615
2023-04-19,100201.33239792872
2023-04-20,99864.48178154723
2023-04-21,100519.86056025203
2023-04-24,99353.18503105125
2023-04-25,98004.36191351777
2023-04-26,97371.79543908479
2023-04-27,98907.21642022271
2023-04-28,99730.11806086205
2023-05-01,99637.65402995517
2023-05-02,97797.45374006403
2023-05-03,96779.41345480544
2023-05-04,95753.65047315507
2023-05-05,96673.37457874087
2023-05-08,97247.49991510306
2023-05-09,96875.73473171836
2023-05-10,96983.2381774103
2023-05-11,97380.31515875812
2023-05-12,97007.09640526655
2023-05-15,97652.45618363557
2023-05-16,97577.60613563881
2023-05-17,98743.16389875881
2023-05-18,99963.47777848545
2023-05-19,99636.24927838171
2023-05-22,99428.554553685
2023-05-23,98391.06183300796
2023-05-24,98425.9034517506
2023-05-25,99110.01034718296
2023-05-26,100589.02201758367
2023-05-30,100219.4602822501
2023-05-31,99646.26355113953
2023-06-01,100745.356679875
2023-06-02,101373.95228148458
2023-06-05,101244.9707427652
2023-06-06,101470.40555692415
2023-06-07,101298.12997267455
2023-06-08,100400.06313650447
2023-06-09,99690.59735348924
2023-06-12,100927.25769330555
2023-06-13,101373.86266664379
2023-06-14,101895.84685856031
2023-06-15,103018.10146543283
2023-06-16,102373.03435581288
2023-06-20,102073.93935087878
2023-06-21,101043.44939224991
2023-06-22,101862.55350461123
2023-06-23,102072.38329590863
2023-06-26,102209.00768169602
2023-06-27,102195.70788965806
2023-06-28,102469.62325504601
2023-06-29,102439.90127737791
2023-06-30,102521.0013452722
2023-07-05,102385.98377323187
2023-07-06,102847.41078616586
2023-07-07,102192.42383353953
2023-07-10,102658.68136395313
2023-07-11,103235.91868729751
2023-07-12,102716.07106615076
2023-07-13,103334.52442818008
2023-07-14,102608.4168708003
2023-07-17,103251.49296296555
2023-07-18,104474.96759357442
2023-07-19,104123.8281871696
2023-07-20,102206.79830234771
2023-07-21,101628.78822054245
2023-07-24,101962.12474912623
2023-07-25,101932.10766384294
2023-07-26,101805.0520045603
2023-07-27,101821.67288258432
2023-07-28,102167.2592435925
2023-07-31,102345.05783581079
2023-08-01,102529.10941302775
2023-08-02,101592.6300915278
2023-08-03,101543.84708069004
2023-08-04,101080.36211505662
2023-08-07,101712.23235092587
2023-08-08,101619.57776475992
2023-08-09,100948.77102167602
2023-08-10,99355.01568589352
2023-08-11,99505.47954804343
2023-08-14,100499.26717004996
2023-08-15,99946.27470229918
2023-08-16,98842.82901077787
2023-08-17,97768.59928726315
2023-08-18,98466.32985673432
2023-08-21,98913.41559489568
2023-08-22,98591.6752978076
2023-08-23,99243.12981469533
2023-08-24,99150.35716916893
2023-08-25,98640.92801624026
2023-08-28,98446.33816073129
2023-08-29,100065.2378597718
2023-08-30,100253.95426155983
2023-08-31,99981.02886867797
2023-09-01,99706.07763408148
2023-09-05,100137.67212249362
2023-09-06,99212.04764515377
2023-09-07,98628.2589443263
2023-09-08,98829.04030794594
2023-09-11,99488.91209599879
2023-09-12,98482.28708157453
2023-09-13,98474.47393136407
2023-09-14,99007.17150390052
2023-09-15,99486.63547171987
2023-09-18,99411.95399240963
2023-09-19,98899.78924814664
2023-09-20,100523.99038353538
2023-09-21,100963.18417670699
2023-09-22,101484.97277278185
2023-09-25,100728.04082374726
2023-09-26,101113.74899587539
2023-09-27,101218.25014246299
2023-09-28,98986.24610586875
2023-09-29,100025.45787853036
2023-10-02,99526.73907218188
2023-10-03,101018.77442888019
2023-10-04,100177.74117302074
2023-10-05,99953.06788580296
2023-10-06,100555.47542619574
2023-10-09,101414.41936798333
2023-10-10,101561.25020617039
2023-10-11,101833.37234524476
2023-10-12,100848.27173523737
2023-10-13,99832.19188286559
2023-10-16,100226.28393231041
2023-10-17,101247.44529296795
2023-10-18,100262.56202541967
2023-10-19,100405.2481163224
2023-10-20,101548.15908955109
2023-10-23,101045.96351824488
2023-10-24,100861.93138143679
2023-10-25,102024.52221028504
2023-10-26,102959.55184649698
2023-10-27,103363.36683518223
2023-10-30,104612.79005492924
2023-10-31,105657.84748292659
2023-11-01,107018.16214792318
2023-11-02,107573.25143735272
2023-11-03,107876.38840178357
2023-11-06,107947.26478556803
2023-11-07,108442.41759861623
2023-11-08,108358.37099565794
2023-11-09,107158.2779376294
2023-11-10,108651.71050890205
2023-11-13,109015.6976678556
2023-11-14,109085.34586841082
2023-11-15,108849.7660897403
2023-11-16,108856.99812891908
2023-11-17,108977.18233263658
2023-11-20,109561.68141630458
2023-11-21,109534.78074323952
2023-11-22,109367.59478503009
2023-11-27,109301.3817755639
2023-11-28,109809.5060968268
2023-11-29,109849.84159824013
2023-11-30,109783.30934180816
2023-12-01,108974.31046929641
2023-12-04,108715.977494216
2023-12-05,108276.82607428904
2023-12-06,109132.58494628941
2023-12-07,108201.96567910498
2023-12-08,107416.31719331717
2023-12-11,107864.22951909172
2023-12-12,108536.95571181457
2023-12-13,109601.06544891468
2023-12-14,108946.82253731712
2023-12-15,108884.42584729004
2023-12-18,109216.45807193592
2023-12-19,109429.53340856238
2023-12-20,108121.05870351715
2023-12-21,108468.82264649351
2023-12-22,108021.30378367487
2023-12-26,108211.1856314329
2023-12-27,108165.27692482765
2023-12-28,107898.98035721596
2023-12-29,107353.74326995923
2024-01-02,106491.457092944
2024-01-03,105997.82153354594
2024-01-04,105859.24925303464
2024-01-05,105750.27781085859
2024-01-08,106814.34018528789
2024-01-09,107569.52967156786
2024-01-10,108191.23088162683
2024-01-11,108187.60336563803
2024-01-12,108044.08664894749
2024-01-16,108340.8190114101
2024-01-17,108995.50985888131
2024-01-18,109473.8635721461
2024-01-19,110880.4421802737
2024-01-22,110323.35193224727
2024-01-23,110616.24065653508
2024-01-24,110279.32932979008
2024-01-25,110041.62762786355
2024-01-26,109873.1631560104
2024-01-29,110765.71842746127
2024-01-30,110179.85850698674
2024-01-31,109281.23264978641
2024-02-01,110111.46646471001
2024-02-02,110932.0940630319
2024-02-05,110513.58608989225
2024-02-06,110019.41395643924
2024-02-07,110564.02075234054
2024-02-08,110599.01790197384
2024-02-09,111153.68205353184
2024-02-12,110628.90381162266
2024-02-13,110611.75980878335
2024-02-14,111278.13377005597
2024-02-15,111838.46528359265
2024-02-16,111511.4470189197
2024-02-20,111155.5746712283
2024-02-21,110699.73009974792
2024-02-22,111423.47144255466
2024-02-23,110797.96241491158
2024-02-26,110708.00846729639
2024-02-27,110828.34379457081
2024-02-28,110916.52146462526
2024-02-29,110950.49096091838
2024-03-01,112123.78550081005
2024-03-04,111847.13294214736
2024-03-05,111449.46583057201
2024-03-06,111384.58615255747
2024-03-07,112056.88289647365
2024-03-08,111499.34736019679
2024-03-11,111030.10407816287
2024-03-12,109880.42481141412
2024-03-13,109785.96950522685
2024-03-14,109982.45832487417
2024-03-15,109698.28036510077
2024-03-18,109314.56998888949
2024-03-19,110368.03636362264
2024-03-20,111682.77913950293
2024-03-21,111114.69001728416
2024-03-22,111319.73252249077
2024-03-25,111448.11730041492
2024-03-26,110539.54323929799
2024-03-27,110825.36569018968
2024-03-28,110514.69153010251
2024-04-01,109966.36328224959
2024-04-02,110360.24912927984
2024-04-03,110895.5982736361
2024-04-04,110040.16823216446
2024-04-05,108714.17536514146
2024-04-08,108641.10634268385
2024-04-09,108715.64707941405
2024-04-10,108739.15486006592
2024-04-11,110001.9771541748
2024-04-12,108995.57487965256
2024-04-15,107375.57216823258
2024-04-16,107648.18172076764
2024-04-17,106008.4087717521
2024-04-18,105567.0412387583
2024-04-19,106326.43377927653
2024-04-22,104864.04333926435
2024-04-23,105467.09994030558
2024-04-24,104959.72051818011
2024-04-25,106173.67143442418
2024-04-26,106434.91796106803
2024-04-29,106623.95734659344
2024-04-30,104982.5923481839
2024-05-01,103629.8949314304
2024-05-02,103181.8545541678
2024-05-03,103150.06054791901
2024-05-06,103618.27735845387
2024-05-07,103579.18671414112
2024-05-08,103624.88244772397
2024-05-09,103903.84393118613
2024-05-10,103455.07524152813
2024-05-13,103458.05986684216
2024-05-14,104102.96622802004
2024-05-15,105237.24221154454
2024-05-16,104851.80108251292
2024-05-17,104805.22479588474
2024-05-20,104855.50377127067
2024-05-21,105333.53163978203
2024-05-22,105109.17752332502
2024-05-23,103967.05739850007
2024-05-24,104601.48705201947
2024-05-28,104995.91543083548
2024-05-29,104836.80569508592
2024-05-30,104018.56564084627
2024-05-31,103962.7945530885
2024-06-03,103209.38531059575
2024-06-04,103704.48853519956
2024-06-05,104880.15367964841
2024-06-06,105042.21088404508
2024-06-07,105038.767850676
2024-06-10,105655.95551021115
2024-06-11,106779.47692282911
2024-06-12,106736.76940323906
2024-06-13,106493.0264931233
2024-06-14,106706.7055788155
2024-06-17,107925.62555031823
2024-06-18,107995.96855920253
2024-06-20,107347.84379648202
2024-06-21,107206.46818739771
2024-06-24,108242.54567402683
2024-06-25,107460.66826301519
2024-06-26,107238.5057619002
2024-06-27,106899.46962343977
2024-06-28,105695.99563266027
2024-07-01,106497.85518596867
2024-07-02,107481.49995969354
2024-07-05,107997.83786519167
2024-07-08,108126.37227554299
2024-07-09,107704.47160223528
2024-07-10,108325.83103273234
2024-07-11,107765.3038831914
2024-07-12,107594.29632551383
2024-07-15,107360.85690886146
2024-07-16,107413.12975608133
2024-07-17,106214.98712257562
2024-07-18,103947.92496463083
2024-07-19,102978.92423977218
2024-07-22,102745.03855736967
2024-07-23,102274.09638348098
2024-07-24,103555.41554696464
2024-07-25,101388.94208856406
2024-07-26,101133.4184389024
2024-07-29,101873.68495494654
2024-07-30,103357.15494133522
2024-07-31,103026.15941198233
2024-08-01,103065.8789689933
2024-08-02,102131.94721748763
2024-08-05,100994.76545365862
2024-08-06,99824.60006553809
2024-08-07,102778.21444505075
2024-08-08,102174.4428006688
2024-08-09,103110.83336083312
2024-08-12,103645.81133757222
2024-08-13,104720.37848601198
2024-08-14,104885.06896130285
2024-08-15,105537.07617280833
2024-08-16,106084.44692858896
2024-08-19,107491.58811771852
2024-08-20,106869.95794238031
2024-08-21,106960.21348397655
2024-08-22,105039.14541295306
2024-08-23,105183.38844612328
2024-08-26,104334.85468997416
2024-08-27,104862.70824121796
2024-08-28,102113.61402827188
2024-08-29,100552.6880654854
2024-08-30,100620.1689576458
2024-09-03,101842.91020971852
2024-09-04,101710.83925804969
2024-09-05,99784.70052764022
2024-09-06,101278.55167763906
2024-09-09,101226.90602923976
2024-09-10,100692.05923555538
2024-09-11,103112.0118320499
2024-09-12,104091.36094724003
2024-09-13,104368.0980328927
2024-09-16,104370.4657269204
2024-09-17,103900.83922828821
2024-09-18,103226.34194954029
2024-09-19,103566.40512316172
2024-09-20,103684.02706351121
2024-09-23,103704.82085632681
2024-09-24,103600.7144159969
2024-09-25,103355.09066074621
2024-09-26,102106.95305523608
2024-09-27,101544.60257384204
2024-09-30,101842.03632835735
2024-10-01,99915.5225584508
2024-10-02,99140.44033346303
2024-10-03,98445.11260314855
2024-10-04,99096.88995718161
2024-10-07,98449.79022169604
2024-10-08,99109.17922495323
2024-10-09,99998.20873106243
2024-10-10,100302.32821543195
2024-10-11,100711.32329048032
2024-10-14,100442.9011247508
2024-10-15,99537.92716582924
2024-10-16,98894.56571049977
2024-10-17,98498.18519981163
2024-10-18,98476.79213458992
2024-10-21,98566.7110041653
2024-10-22,98894.93186131169
2024-10-23,98083.02508072929
2024-10-24,98255.34224208457
2024-10-25,97497.52929239297
2024-10-28,97193.6745506954
2024-10-29,97994.37770405998
2024-10-30,97499.50528239257
2024-10-31,97901.04439441093
2024-11-01,96740.00202926928
2024-11-04,96261.26728256614
2024-11-05,96491.31533511163
2024-11-06,97468.62323516101
2024-11-07,97948.36936661575
2024-11-08,98017.8569570028
2024-11-11,97806.78008109985
2024-11-12,97507.21620092438
2024-11-13,97540.57245226728
2024-11-14,97104.49062895273
2024-11-15,96752.01065700523
2024-11-18,96022.56816196606
2024-11-19,96986.02501111887
2024-11-20,95928.82669928785
2024-11-21,96592.45574341083
2024-11-22,96517.56437060442
2024-11-25,96165.71123003577
2024-11-26,96202.80567862706
2024-11-27,95955.43239505807
2024-12-02,96219.54905248703
2024-12-03,96532.15220735621
2024-12-04,97044.37319032077
2024-12-05,96847.79652663782
2024-12-06,97035.75018191006
2024-12-09,96376.09292831861
2024-12-10,95710.56903295999
2024-12-11,96103.89839749006
2024-12-12,95900.25359774161
2024-12-13,95439.95975187549
2024-12-16,95999.33080032805
2024-12-17,96000.34906641096
2024-12-18,96291.51868878472
2024-12-19,97124.87967376239
2024-12-20,95765.00241724937
2024-12-23,96304.98690426687
2024-12-26,96481.45907746596
2024-12-27,95131.62561243665
2024-12-30,94546.3369963514
2024-12-31,95423.92994805568
2025-01-02,96361.01442060097
2025-01-03,95731.90534496811
2025-01-06,95977.37941697802
2025-01-07,97489.08469156874
2025-01-08,97342.17899656616
2025-01-10,97504.26205044864
2025-01-13,96793.67900206121
2025-01-14,97037.64010076504
2025-01-15,96686.09356387181
2025-01-16,97216.71592313847
2025-01-17,96768.6018757199
2025-01-21,96344.88895121127
2025-01-22,96232.12262373777
2025-01-23,96827.98122586211
2025-01-24,96115.98469866673
2025-01-27,95294.43809990014
2025-01-28,96558.92411685905
2025-01-29,96562.95097572856
2025-01-30,94927.39263557334
2025-01-31,95107.80461147391
2025-02-03,94063.92089073992
2025-02-04,94323.5337722133
2025-02-05,95114.4602576448
2025-02-06,95429.60096262468
2025-02-07,95146.6038296629
2025-02-10,95340.04651347181
2025-02-11,95352.48480898257
2025-02-12,95858.66926718372
2025-02-13,96660.89048637741
2025-02-14,96906.76260070142
2025-02-18,97033.5285926415
2025-02-19,97341.10300086878
2025-02-20,98672.60536500187
2025-02-21,96726.82883755915
2025-02-24,95153.4731415478
2025-02-25,95199.5912261274
2025-02-26,94435.47365996086
2025-02-27,94618.96001459807
2025-02-28,93253.34918267073
2025-03-03,93432.74221919694
2025-03-04,92615.3180219998
2025-03-05,91793.66932185959
2025-03-06,90903.52823633504
2025-03-07,90475.64558947837
2025-03-10,91933.47183058974
2025-03-11,90163.48418681319
2025-03-12,88927.47568253957
2025-03-13,88350.83490876043
2025-03-14,89646.06547319955
2025-03-17,89799.95636129015
2025-03-18,89629.58895943798
2025-03-19,89265.77473757516
2025-03-20,89332.28456225019
2025-03-21,90340.56406819817
2025-03-24,90538.87813829283
2025-03-25,90824.77250484042
2025-03-26,91386.34981541614
2025-03-27,91725.72402942521
2025-03-28,93494.55101167646
2025-03-31,92525.57329258787
2025-04-01,89245.48931309186
2025-04-02,86303.52505367664
2025-04-03,87638.53582510383
2025-04-04,91112.91769286411
2025-04-07,86113.00794759518
2025-04-08,88060.7125538002
2025-04-09,84571.15893077145
2025-04-10,84239.64720257539
2025-04-11,85295.24644969827
2025-04-14,83227.1701836867
2025-04-15,82369.72219536154
2025-04-16,82945.75294116056
2025-04-17,82080.95119815393
2025-04-21,82374.45843352852
2025-04-22,81730.14693532726
2025-04-23,80083.44843028583
2025-04-24,81168.52791715253
2025-04-25,82255.36195038828
2025-04-28,81876.1973258235
2025-04-29,82441.70828013057
2025-04-30,84436.34868888525
2025-05-01,84060.82633054435
2025-05-02,84506.03718135522
2025-05-05,84501.7994306077
2025-05-06,84955.05278612097
2025-05-07,84610.95012385369
2025-05-08,84820.33650751898
2025-05-09,84302.66287495245
2025-05-12,84932.95429683302
2025-05-13,85472.58149441524
2025-05-14,85699.44295971893
2025-05-15,86146.2545153337
2025-05-16,86363.51087318207
2025-05-19,87002.28121598587
2025-05-20,87170.22862565795
2025-05-21,87184.49480340625
2025-05-22,87133.98635104937
2025-05-23,86983.99499097785
2025-05-27,87652.15765335281
2025-05-28,87225.47229666448
2025-05-29,86447.81017235544
2025-05-30,86264.09526442055
2025-06-02,87142.30466411769
2025-06-03,87550.66589164812
2025-06-04,87543.79399849278
2025-06-05,87221.29331280365
2025-06-06,86984.4776872532
2025-06-09,87074.38876898552
2025-06-10,87465.1998393868
2025-06-11,87049.28976224532
2025-06-12,87327.02198988055
2025-06-13,87182.93572214851
2025-06-16,87234.60344102759
2025-06-17,86641.21302022818
2025-06-18,86389.34541091417
2025-06-20,85685.93931625651
2025-06-23,86224.11736987783
2025-06-24,86638.28468834977
2025-06-25,86365.84230277882
2025-06-26,86819.27137840449
2025-06-27,86722.85196693019
2025-06-30,86926.10847437065
2025-07-01,86451.95353983493
2025-07-02,86954.12030070476
2025-07-07,86679.11634368656
2025-07-08,86677.40415879765
2025-07-09,86431.9461994874
2025-07-10,86341.87489414362
2025-07-11,86273.09450598007
2025-07-14,86690.60561341429
2025-07-15,86330.27525296377
2025-07-16,86733.81421825005
2025-07-17,87099.11654476596
2025-07-18,86931.07878613923
2025-07-21,86777.87009850178
2025-07-22,86554.52418187051
2025-07-23,87106.9737453311
2025-07-24,87104.50440936633
2025-07-25,87178.94954342535
2025-07-28,87042.97556573711
2025-07-29,86495.89175640402
2025-07-30,85793.79825932886
2025-07-31,84844.22774043231
2025-08-01,83771.66608503718
2025-08-04,83878.6381839114
2025-08-05,82851.58947353467
2025-08-06,83615.81796865014
2025-08-07,83048.40889888146
2025-08-08,83261.55024201401
2025-08-11,82849.26808363988
2025-08-12,83789.7933000498
2025-08-13,83504.4795123922
2025-08-14,83422.16660443987
2025-08-15,83723.70321182531
2025-08-18,83524.5686881584
2025-08-19,84225.2878247718
2025-08-20,84722.39306773234
2025-08-21,84801.41145912964
2025-08-22,85852.67911501123
2025-08-25,85728.15668916084
2025-08-26,86028.88047432751
2025-08-27,86305.96475623052
2025-08-28,86832.70527231402
2025-08-29,86782.9975012389
2025-09-02,86593.10849821552
2025-09-03,86296.48556458928
2025-09-04,86932.92876126368
2025-09-05,85735.59533364477
2025-09-08,85550.54684934285
2025-09-09,85703.83996140749
2025-09-10,85473.79785985584
2025-09-11,85561.1954063403
2025-09-12,85748.4123978467
2025-09-15,85897.03053833243
2025-09-16,85835.0880606036
2025-09-17,85790.57770789792
2025-09-18,85764.90795065802
2025-09-19,85962.91825078118
2025-09-22,86369.53399315354
2025-09-23,85939.87368716857
2025-09-24,85646.07596927532
2025-09-25,86060.20132095875
2025-09-26,86098.0044933353
2025-09-29,85704.29062361635
2025-09-30,86044.09841630505
2025-10-01,86827.1928891324
2025-10-02,86946.06014306858
2025-10-03,86518.9658566874
2025-10-06,86581.24222461629
2025-10-07,85844.28377270352
2025-10-08,86355.09738059208
2025-10-09,86377.13461678156
2025-10-10,86433.63221479492
2025-10-13,86269.70939628906
2025-10-14,86009.96319850246
2025-10-15,85874.33762910737
2025-10-16,85331.36740711957
2025-10-17,85853.11973689965
2025-10-20,86086.23978527015
2025-10-21,86245.05995889564
2025-10-22,85040.77537464813
2025-10-23,85316.95512971915
2025-10-24,85282.83176034548
2025-10-27,85627.72643247501
2025-10-28,85896.13544041743
2025-10-29,85729.65426237302
2025-10-30,84857.64716801445
2025-10-31,84463.9380317117
2025-11-03,84335.42840760024
2025-11-04,83324.79365970049
2025-11-05,83472.26181515753
2025-11-06,84197.86239902036
2025-11-07,84334.57756448614
2025-11-10,84035.33898634974
2025-11-11,84063.94570319635
2025-11-12,84122.43229521597
2025-11-13,83948.59478094292
2025-11-14,82466.92640318285
2025-11-17,81219.04508440473
2025-11-18,80648.7854552056
2025-11-19,79595.12045841868
2025-11-20,78437.26046389465
2025-11-21,77561.63628942778
2025-11-24,78322.49604746734
2025-11-25,79113.60555526249
2025-11-26,79490.86289953858
2025-12-01,79577.68845302946
2025-12-02,79554.81266724977
2025-12-03,80009.31423123532
2025-12-04,80266.14975810936
2025-12-05,80033.16711065905
2025-12-08,79766.0173867231
2025-12-09,79959.23976748929
2025-12-10,80455.46661992252
2025-12-11,81277.68769860793
2025-12-12,80303.27846338792
2025-12-15,79115.21128103718
2025-12-16,79030.60571264975
2025-12-17,78707.64325911379
2025-12-18,78607.76949337864
2025-12-19,78651.50999599544
2025-12-22,78441.41954890447
2025-12-23,78774.6674560287
2025-12-26,78695.22507459258
2025-12-29,78714.46167835702
2025-12-30,78444.89116104822
2025-12-31,77950.34197853616
2026-01-02,76674.99144892077
2026-01-05,76625.72453765846
2026-01-06,76781.0355203816
2026-01-07,76680.28841758725
2026-01-08,76952.14236355112
2026-01-09,77505.12347341194
2026-01-12,77622.63959544123
2026-01-13,77461.69286111832
2026-01-14,77413.5067209379
2026-01-15,76949.9285151654
2026-01-16,76776.98118448647
2026-01-20,76189.92312646686
2026-01-21,76085.26129852035
2026-01-22,76295.7201040371
2026-01-23,76473.95550908675
2026-01-26,76467.81990990284
2026-01-27,76492.99228428923
2026-01-28,76163.98482204242
2026-01-29,76302.06723795322
2026-01-30,75817.96583964884
2026-02-02,76096.2846391862
2026-02-03,76080.7302419712
2026-02-04,76215.91087469284
2026-02-05,75729.81408227097
2026-02-06,75666.3581990435
2026-02-09,76321.87718048322
2026-02-10,75769.68215256154
2026-02-11,75909.22369405952
2026-02-12,77337.19980136768
2026-02-13,76983.77156913794
2026-02-17,76110.64202031467
2026-02-18,75611.25264073837
2026-02-19,75525.94667939493
2026-02-20,76022.71224456208
2026-02-23,75747.34880439116
2026-02-24,76183.32795231951
2026-02-25,76282.77545577554
2026-02-26,74998.6920199841
2026-02-27,74607.82793464379
2026-03-02,72882.41716638397
2026-03-03,72543.88020927008
2026-03-04,73089.47778293319
2026-03-05,71746.81622574282
2026-03-06,71641.6783722291
